DP,P,S,SumWij,T,h,id,mdot,mu,rho,w_perim,x,y,z
0,46820.775282217,9.8330946698987e-06,3.1730932238578e-05,628.15,803575.92728354,0,0.027395001750338,0.00030134227647172,865.51026802107,0,0,0.00904,0
0,45899.301978093,9.8330946698987e-06,3.1730932238578e-05,628.15816023095,803586.43448731,0.016,0.027363272340923,0.00030133732850902,865.50840930667,0,0,0.00904,0.016
0,44988.402121832,9.8330946698987e-06,5.6207914584364e-05,628.14979097076,803575.73248438,0.032,0.02730706729226,0.00030134240321949,865.51031563314,0,0,0.00904,0.032
0,44088.88359532,9.8330946698987e-06,7.9733616817105e-05,628.1580968882,803586.35349095,0.048,0.027227335381037,0.00030133736691615,865.50842373471,0,0,0.00904,0.048
0,40997.701749135,9.8330946698987e-06,9.9067446522357e-05,628.14953265461,803575.40189136,0.064,0.027128265328583,0.00030134255985324,865.51037447164,0,0,0.00904,0.064
0,40117.865811951,9.8330946698987e-06,0.00010898231948701,628.15837478668,803586.70883973,0.08,0.027019276445898,0.00030133719841577,865.50836043575,0,0,0.00904,0.08
0,39246.162670413,9.8330946698987e-06,0.0001161440258524,628.1495970279,803575.48427631,0.096,0.026903122675842,0.00030134252081954,865.51035980888,0,0,0.00904,0.096
0,38381.545478946,9.8330946698987e-06,0.00011974295200675,628.1589125186,803587.39643754,0.112,0.026783368134185,0.0003013368723692,865.50823795264,0,0,0.00904,0.112
0,37522.475819539,9.8330946698987e-06,0.00011845349842428,628.14992656875,803575.90602268,0.128,0.02666490504752,0.00030134232099776,865.51028474702,0,0,0.00904,0.128
0,36666.961365855,9.8330946698987e-06,0.0001120801090386,628.159427501,803588.05494553,0.144,0.02655281668543,0.00030133656011734,865.50812065134,0,0,0.00904,0.144
0,35813.699598324,9.8330946698987e-06,0.00010271740835487,628.15010802145,803576.13812703,0.16,0.026450086492307,0.00030134221097147,865.51024341625,0,0,0.00904,0.16
0,34961.446712757,9.8330946698987e-06,9.1609060605505e-05,628.16014284884,803588.96966082,0.176,0.026358470965884,0.00030133612637827,865.50795771134,0,0,0.00904,0.176
0,34106.127448425,9.8330946698987e-06,7.0580927583092e-05,628.15019351864,803576.24745228,0.192,0.026287901980598,0.00030134215912914,865.51022394195,0,0,0.00904,0.192
0,33244.038357919,9.8330946698987e-06,4.2217171321503e-05,628.15975449618,803588.47307427,0.208,0.026245708316664,0.00030133636184915,865.50804616926,0,0,0.00904,0.208
0,30317.026171117,9.8330946698987e-06,2.0379706955237e-05,629.41788402292,805197.24330011,0.224,0.026225393951261,0.00030057596696047,865.22145533134,0,0,0.00904,0.224
0,29444.412613801,9.8330946698987e-06,1.1101359297908e-05,630.67862052307,806809.34706285,0.24,0.026214391711379,0.00029981888257162,864.93423556985,0,0,0.00904,0.24
0,28574.362682605,9.8330946698987e-06,1.61821244924e-05,631.92521958313,808403.37328095,0.256,0.026198341622727,0.00029907505224218,864.65020206035,0,0,0.00904,0.256
0,27709.617264608,9.8330946698987e-06,2.8419009852436e-05,633.17520238992,810001.72629599,0.272,0.026170093991603,0.00029833391557931,864.36536310416,0,0,0.00904,0.272
0,26850.746637067,9.8330946698987e-06,4.0562561956526e-05,634.41171485479,811582.85478482,0.288,0.026129747306016,0.0002976053661114,864.08355973086,0,0,0.00904,0.288
0,25996.885441669,9.8330946698987e-06,4.8797574358366e-05,635.65271848438,813169.72612598,0.304,0.026081212885648,0.00029687872875726,863.8006988511,0,0,0.00904,0.304
0,25146.834425267,9.8330946698987e-06,5.2472565057081e-05,636.88063796736,814739.86676887,0.32,0.026029050535202,0.0002961642062517,863.52078674202,0,0,0.00904,0.32
0,24299.446980562,9.8330946698987e-06,5.2550851054224e-05,638.11364045484,816316.5070496,0.336,0.025976856360609,0.00029545114331665,863.2396824124,0,0,0.00904,0.336
0,23453.957816183,9.8330946698987e-06,5.0366135650633e-05,639.33438602821,817876.29002825,0.352,0.025926892004141,0.00029474949025497,862.9613393708,0,0,0.00904,0.352
0,22609.806695892,9.8330946698987e-06,4.7011286489229e-05,640.56022952679,819442.55026638,0.368,0.025880327091946,0.00029404919519633,862.6818008193,0,0,0.00904,0.368
0,21766.71036184,9.8330946698987e-06,4.3207757780403e-05,641.77240331339,820991.34471351,0.384,0.025837609387026,0.00029336089725922,862.40534683345,0,0,0.00904,0.384
0,20924.426049835,9.8330946698987e-06,3.9361292586339e-05,642.9896488786,822546.61937219,0.4,0.02579878179128,0.00029267387298264,862.12770348898,0,0,0.00904,0.4
0,20082.862163867,9.8330946698987e-06,3.5676931685609e-05,644.19264902377,824083.69265767,0.416,0.025763681594496,0.00029199894245881,861.85327724242,0,0,0.00904,0.416
0,19241.882960355,9.8330946698987e-06,3.2240683023721e-05,645.40057244784,825627.05641661,0.432,0.025732060833569,0.00029132526873053,861.57769573798,0,0,0.00904,0.432
0,18401.456969405,9.8330946698987e-06,2.9081275799786e-05,646.59369716048,827151.51186195,0.448,0.025703642138836,0.00029066376759491,861.30545883926,0,0,0.00904,0.448
0,17561.481845804,9.8330946698987e-06,2.6197023404323e-05,647.79168517831,828682.18115233,0.464,0.025678150544607,0.00029000345511359,861.03208063201,0,0,0.00904,0.464
0,16721.947152006,9.8330946698987e-06,2.35761847393e-05,648.97500939768,830193.28949802,0.48,0.025655322132671,0.00028935501409536,860.7620175449,0,0,0.00904,0.48
0,15882.764767568,9.8330946698987e-06,2.1199229462351e-05,650.16355550654,831710.70631519,0.496,0.025634913231242,0.00028870746987084,860.4907315573,0,0,0.00904,0.496
0,15043.939424561,9.8330946698987e-06,1.9048736600361e-05,651.33623087136,833207.86095347,0.512,0.025616696819144,0.00028807223261943,860.22303748577,0,0,0.00904,0.512
0,14205.389618813,9.8330946698987e-06,1.710591477369e-05,652.51433758752,834711.94979799,0.528,0.025600465447452,0.00028743768334674,859.9540729735,0,0,0.00904,0.528
0,13367.12868293,9.8330946698987e-06,1.5349604788645e-05,653.67581588241,836194.80913707,0.544,0.025586032021316,0.00028681562259491,859.68887475246,0,0,0.00904,0.544
0,12529.080737641,9.8330946698987e-06,1.3767401819384e-05,654.84306462669,837685.0356089,0.56,0.025573222653951,0.0002861939752092,859.42232894996,0,0,0.00904,0.56
0,11691.264906695,9.8330946698987e-06,1.2334293220908e-05,655.99317966994,839153.38748461,0.576,0.02556188766097,0.00028558486016174,859.15966625471,0,0,0.00904,0.576
0,10853.602556364,9.8330946698987e-06,1.1028727509293e-05,657.14936582097,840629.49034363,0.592,0.025551899771498,0.00028497591085103,858.89558758861,0,0,0.00904,0.592
0,10016.106826439,9.8330946698987e-06,9.8113321264759e-06,658.28794196081,842082.9863536,0.608,0.025543170211085,0.00028437952258008,858.63550227607,0,0,0.00904,0.608
0,9181.4093843005,9.8330946698987e-06,8.6966592799851e-06,658.1268389183,841877.43024699,0.624,0.025535549560022,0.00028446371159019,858.67230483516,0,0,0.00904,0.624
0,8346.7123671712,9.8330946698987e-06,7.6674308196892e-06,657.96791383245,841674.53058989,0.64,0.025528952435101,0.00028454682596954,858.7086092976,0,0,0.00904,0.64
0,7512.0154808034,9.8330946698987e-06,6.7659081974543e-06,657.8085150944,841471.02622102,0.656,0.025523251119833,0.00028463025150325,858.74502139951,0,0,0.00904,0.656
0,6677.2916839189,9.8330946698987e-06,5.9252427858174e-06,657.65109725382,841270.05086395,0.672,0.025518384778459,0.00028471270271139,858.78098044607,0,0,0.00904,0.672
0,5842.5725863475,9.8330946698987e-06,5.2803355227401e-06,657.4933182094,841068.61435794,0.688,0.025514157711804,0.00028479540543072,858.8170214533,0,0,0.00904,0.688
0,5007.8002927612,9.8330946698987e-06,4.5679561219298e-06,657.33746610419,840869.63797522,0.704,0.025510637332179,0.0002848771594338,858.85262175549,0,0,0.00904,0.704
0,4173.076701029,9.8330946698987e-06,4.2385180008737e-06,657.1814085571,840670.39930485,0.72,0.025507440807042,0.00028495908233879,858.88826844778,0,0,0.00904,0.72
0,3338.280469446,9.8330946698987e-06,3.6098642905613e-06,657.02710119017,840473.39508949,0.736,0.025504867263701,0.00028504014669737,858.9235148346,0,0,0.00904,0.736
0,2503.618307959,9.8330946698987e-06,3.6541925016441e-06,656.87266693873,840276.22888068,0.752,0.025502243746245,0.00028512133773023,858.9587896773,0,0,0.00904,0.752
0,1668.9285520311,9.8330946698987e-06,3.2324010146781e-06,656.72007411427,840081.41362169,0.768,0.025500036359038,0.00028520161970162,858.993643396,0,0,0.00904,0.768
0,834.45405352829,9.8330946698987e-06,3.5617154111554e-06,656.56727630874,839886.33666337,0.784,0.025497494135416,0.0002852820683812,859.02854341898,0,0,0.00904,0.784
0,0,9.8330946698987e-06,3.2993676517786e-06,656.41623772816,839693.50570755,0.8,0.025495209165678,0.00028536164877391,859.06304111651,0,0,0.00904,0.8
