Dpin,Tpin,id,q_prime,x,y,z
0,628.15,0,0,0,0,0
0,628.15806219287,0.016,0,0,0,0.016
0,628.14960025063,0.032,0,0,0,0.032
0,628.157801625,0.048,0,0,0,0.048
0,628.1492075301,0.064,0,0,0,0.064
0,628.15802291836,0.08,0,0,0,0.08
0,628.14922514812,0.096,0,0,0,0.096
0,628.15859043458,0.112,0,0,0,0.112
0,628.14954393158,0.128,0,0,0,0.128
0,628.15907426695,0.144,0,0,0,0.144
0,628.14985797646,0.16,0,0,0,0.16
0,628.15995346196,0.176,0,0,0,0.176
0,628.14992492921,0.192,2.9471400555999e-13,0,0,0.192
0,629.82589800653,0.208,5309.0955424834,0,0,0.208
0,631.08440654381,0.224,5309.0955424834,0,0,0.224
0,632.34523253162,0.24,5309.0955424834,0,0,0.24
0,633.59214882028,0.256,5309.0955424834,0,0,0.256
0,634.8429700347,0.272,5309.0955424834,0,0,0.272
0,636.08079150634,0.288,5309.0955424834,0,0,0.288
0,637.32343671926,0.304,5309.0955424834,0,0,0.304
0,638.55312090119,0.32,5309.0955424834,0,0,0.32
0,639.78790071765,0.336,5309.0955424834,0,0,0.336
0,641.01033439902,0.352,5309.0955424834,0,0,0.352
0,642.23773447069,0.368,5309.0955424834,0,0,0.368
0,643.45130056317,0.384,5309.0955424834,0,0,0.384
0,644.6698056872,0.4,5309.0955424834,0,0,0.4
0,645.87391749925,0.416,5309.0955424834,0,0,0.416
0,647.08283171549,0.432,5309.0955424834,0,0,0.432
0,648.27681447405,0.448,5309.0955424834,0,0,0.448
0,649.47555572648,0.464,5309.0955424834,0,0,0.464
0,650.65951917004,0.48,5309.0955424834,0,0,0.48
0,651.84862040555,0.496,5309.0955424834,0,0,0.496
0,653.02173174165,0.512,5309.0955424834,0,0,0.512
0,654.2002468355,0.528,5309.0955424834,0,0,0.528
0,655.36202640393,0.544,5309.0955424834,0,0,0.544
0,656.52956041344,0.56,5309.0955424834,0,0,0.56
0,657.6798674482,0.576,5309.0955424834,0,0,0.576
0,658.83623186291,0.592,5309.0955424834,0,0,0.592
0,658.28778698574,0.608,0,0,0,0.608
0,658.12672280623,0.624,0,0,0,0.624
0,657.96778264095,0.64,0,0,0,0.64
0,657.80840706494,0.656,0,0,0,0.656
0,657.65097500826,0.672,0,0,0,0.672
0,657.49321376905,0.688,0,0,0,0.688
0,657.33734249105,0.704,0,0,0,0.704
0,657.18130228139,0.72,0,0,0,0.72
0,657.02697597402,0.736,0,0,0,0.736
0,656.8725510232,0.752,0,0,0,0.752
0,656.71995462298,0.768,0,0,0,0.768
0,656.56716842486,0.784,0,0,0,0.784
0,656.4161216368,0.8,0,0,0,0.8
