x,y,type,mdot,T
1.63505596e-03,2.83200000e-03,interior,1.42794333e-02,8.41415069e+02
3.27011192e-03,0.00000000e+00,interior,1.42794333e-02,8.41415069e+02
1.63505596e-03,-2.83200000e-03,interior,1.42794333e-02,8.41415069e+02
-1.63505596e-03,-2.83200000e-03,interior,1.42794333e-02,8.41415069e+02
-3.27011192e-03,4.00473210e-19,interior,1.42794333e-02,8.41415069e+02
-1.63505596e-03,2.83200000e-03,interior,1.42794333e-02,8.41415069e+02
1.63505596e-03,8.49600000e-03,interior,1.42794333e-02,8.40391609e+02
3.27011192e-03,5.66400000e-03,interior,1.42794333e-02,8.41096374e+02
6.54022385e-03,5.66400000e-03,interior,1.42794333e-02,8.40390241e+02
8.17527981e-03,2.83200000e-03,interior,1.42794333e-02,8.40391609e+02
6.54022385e-03,4.33680869e-19,interior,1.42794333e-02,8.41096374e+02
8.17527981e-03,-2.83200000e-03,interior,1.42794333e-02,8.40390241e+02
6.54022385e-03,-5.66400000e-03,interior,1.42794333e-02,8.40391609e+02
3.27011192e-03,-5.66400000e-03,interior,1.42794333e-02,8.41096374e+02
1.63505596e-03,-8.49600000e-03,interior,1.42794333e-02,8.40390241e+02
-1.63505596e-03,-8.49600000e-03,interior,1.42794333e-02,8.40391609e+02
-3.27011192e-03,-5.66400000e-03,interior,1.42794333e-02,8.41096374e+02
-6.54022385e-03,-5.66400000e-03,interior,1.42794333e-02,8.40390241e+02
-8.17527981e-03,-2.83200000e-03,interior,1.42794333e-02,8.40391609e+02
-6.54022385e-03,0.00000000e+00,interior,1.42794333e-02,8.41096374e+02
-8.17527981e-03,2.83200000e-03,interior,1.42794333e-02,8.40390241e+02
-6.54022385e-03,5.66400000e-03,interior,1.42794333e-02,8.40391609e+02
-3.27011192e-03,5.66400000e-03,interior,1.42794333e-02,8.41096374e+02
-1.63505596e-03,8.49600000e-03,interior,1.42794333e-02,8.40390241e+02
1.63505596e-03,1.41600000e-02,interior,1.42794333e-02,8.31072280e+02
3.27011192e-03,1.13280000e-02,interior,1.42794333e-02,8.37233023e+02
6.54022385e-03,1.13280000e-02,interior,1.42794333e-02,8.33082277e+02
8.17527981e-03,8.49600000e-03,interior,1.42794333e-02,8.37224690e+02
1.14453917e-02,8.49600000e-03,interior,1.42794333e-02,8.31034483e+02
1.30804477e-02,5.66400000e-03,interior,1.42794333e-02,8.31072280e+02
1.14453917e-02,2.83200000e-03,interior,1.42794333e-02,8.37233023e+02
1.30804477e-02,8.67361738e-19,interior,1.42794333e-02,8.33082277e+02
1.14453917e-02,-2.83200000e-03,interior,1.42794333e-02,8.37224690e+02
1.30804477e-02,-5.66400000e-03,interior,1.42794333e-02,8.31034483e+02
1.14453917e-02,-8.49600000e-03,interior,1.42794333e-02,8.31072280e+02
8.17527981e-03,-8.49600000e-03,interior,1.42794333e-02,8.37233023e+02
6.54022385e-03,-1.13280000e-02,interior,1.42794333e-02,8.33082277e+02
3.27011192e-03,-1.13280000e-02,interior,1.42794333e-02,8.37224690e+02
1.63505596e-03,-1.41600000e-02,interior,1.42794333e-02,8.31034483e+02
-1.63505596e-03,-1.41600000e-02,interior,1.42794333e-02,8.31072280e+02
-3.27011192e-03,-1.13280000e-02,interior,1.42794333e-02,8.37233023e+02
-6.54022385e-03,-1.13280000e-02,interior,1.42794333e-02,8.33082277e+02
-8.17527981e-03,-8.49600000e-03,interior,1.42794333e-02,8.37224690e+02
-1.14453917e-02,-8.49600000e-03,interior,1.42794333e-02,8.31034483e+02
-1.30804477e-02,-5.66400000e-03,interior,1.42794333e-02,8.31072280e+02
-1.14453917e-02,-2.83200000e-03,interior,1.42794333e-02,8.37233023e+02
-1.30804477e-02,1.26783495e-18,interior,1.42794333e-02,8.33082277e+02
-1.14453917e-02,2.83200000e-03,interior,1.42794333e-02,8.37224690e+02
-1.30804477e-02,5.66400000e-03,interior,1.42794333e-02,8.31034483e+02
-1.14453917e-02,8.49600000e-03,interior,1.42794333e-02,8.31072280e+02
-8.17527981e-03,8.49600000e-03,interior,1.42794333e-02,8.37233023e+02
-6.54022385e-03,1.13280000e-02,interior,1.42794333e-02,8.33082277e+02
-3.27011192e-03,1.13280000e-02,interior,1.42794333e-02,8.37224690e+02
-1.63505596e-03,1.41600000e-02,interior,1.42794333e-02,8.31034483e+02
1.63505596e-03,1.98240000e-02,interior,1.42794333e-02,7.84380590e+02
3.27011192e-03,1.69920000e-02,interior,1.42794333e-02,8.11239844e+02
6.54022385e-03,1.69920000e-02,interior,1.42794333e-02,7.93053671e+02
8.17527981e-03,1.41600000e-02,interior,1.42794333e-02,8.13852455e+02
1.14453917e-02,1.41600000e-02,interior,1.42794333e-02,7.92778396e+02
1.30804477e-02,1.13280000e-02,interior,1.42794333e-02,8.11049901e+02
1.63505596e-02,1.13280000e-02,interior,1.42794333e-02,7.83952909e+02
1.79856156e-02,8.49600000e-03,interior,1.42794333e-02,7.84380590e+02
1.63505596e-02,5.66400000e-03,interior,1.42794333e-02,8.11239844e+02
1.79856156e-02,2.83200000e-03,interior,1.42794333e-02,7.93053671e+02
1.63505596e-02,2.60208521e-18,interior,1.42794333e-02,8.13852455e+02
1.79856156e-02,-2.83200000e-03,interior,1.42794333e-02,7.92778396e+02
1.63505596e-02,-5.66400000e-03,interior,1.42794333e-02,8.11049901e+02
1.79856156e-02,-8.49600000e-03,interior,1.42794333e-02,7.83952909e+02
1.63505596e-02,-1.13280000e-02,interior,1.42794333e-02,7.84380590e+02
1.30804477e-02,-1.13280000e-02,interior,1.42794333e-02,8.11239844e+02
1.14453917e-02,-1.41600000e-02,interior,1.42794333e-02,7.93053671e+02
8.17527981e-03,-1.41600000e-02,interior,1.42794333e-02,8.13852455e+02
6.54022385e-03,-1.69920000e-02,interior,1.42794333e-02,7.92778396e+02
3.27011192e-03,-1.69920000e-02,interior,1.42794333e-02,8.11049901e+02
1.63505596e-03,-1.98240000e-02,interior,1.42794333e-02,7.83952909e+02
-1.63505596e-03,-1.98240000e-02,interior,1.42794333e-02,7.84380590e+02
-3.27011192e-03,-1.69920000e-02,interior,1.42794333e-02,8.11239844e+02
-6.54022385e-03,-1.69920000e-02,interior,1.42794333e-02,7.93053671e+02
-8.17527981e-03,-1.41600000e-02,interior,1.42794333e-02,8.13852455e+02
-1.14453917e-02,-1.41600000e-02,interior,1.42794333e-02,7.92778396e+02
-1.30804477e-02,-1.13280000e-02,interior,1.42794333e-02,8.11049901e+02
-1.63505596e-02,-1.13280000e-02,interior,1.42794333e-02,7.83952909e+02
-1.79856156e-02,-8.49600000e-03,interior,1.42794333e-02,7.84380590e+02
-1.63505596e-02,-5.66400000e-03,interior,1.42794333e-02,8.11239844e+02
-1.79856156e-02,-2.83200000e-03,interior,1.42794333e-02,7.93053671e+02
-1.63505596e-02,1.30104261e-18,interior,1.42794333e-02,8.13852455e+02
-1.79856156e-02,2.83200000e-03,interior,1.42794333e-02,7.92778396e+02
-1.63505596e-02,5.66400000e-03,interior,1.42794333e-02,8.11049901e+02
-1.79856156e-02,8.49600000e-03,interior,1.42794333e-02,7.83952909e+02
-1.63505596e-02,1.13280000e-02,interior,1.42794333e-02,7.84380590e+02
-1.30804477e-02,1.13280000e-02,interior,1.42794333e-02,8.11239844e+02
-1.14453917e-02,1.41600000e-02,interior,1.42794333e-02,7.93053671e+02
-8.17527981e-03,1.41600000e-02,interior,1.42794333e-02,8.13852455e+02
-6.54022385e-03,1.69920000e-02,interior,1.42794333e-02,7.92778396e+02
-3.27011192e-03,1.69920000e-02,interior,1.42794333e-02,8.11049901e+02
-1.63505596e-03,1.98240000e-02,interior,1.42794333e-02,7.83952909e+02
3.34741606e-03,2.27898947e-02,edge,4.15269169e-02,7.27031193e+02
8.25258394e-03,1.99578947e-02,edge,4.15269169e-02,7.27210683e+02
1.31577518e-02,1.71258947e-02,edge,4.15269169e-02,7.26352146e+02
1.80629197e-02,1.42938947e-02,edge,4.15269169e-02,7.25290285e+02
2.23670773e-02,1.29136381e-02,corner,1.37547329e-02,7.25049673e+02
2.14103358e-02,8.49600000e-03,edge,4.15269169e-02,7.27031193e+02
2.14103358e-02,2.83200000e-03,edge,4.15269169e-02,7.27210683e+02
2.14103358e-02,-2.83200000e-03,edge,4.15269169e-02,7.26352146e+02
2.14103358e-02,-8.49600000e-03,edge,4.15269169e-02,7.25290285e+02
2.23670773e-02,-1.29136381e-02,corner,1.37547329e-02,7.25049673e+02
1.80629197e-02,-1.42938947e-02,edge,4.15269169e-02,7.27031193e+02
1.31577518e-02,-1.71258947e-02,edge,4.15269169e-02,7.27210683e+02
8.25258394e-03,-1.99578947e-02,edge,4.15269169e-02,7.26352146e+02
3.34741606e-03,-2.27898947e-02,edge,4.15269169e-02,7.25290285e+02
1.15216948e-18,-2.58272762e-02,corner,1.37547329e-02,7.25049673e+02
-3.34741606e-03,-2.27898947e-02,edge,4.15269169e-02,7.27031193e+02
-8.25258394e-03,-1.99578947e-02,edge,4.15269169e-02,7.27210683e+02
-1.31577518e-02,-1.71258947e-02,edge,4.15269169e-02,7.26352146e+02
-1.80629197e-02,-1.42938947e-02,edge,4.15269169e-02,7.25290285e+02
-2.23670773e-02,-1.29136381e-02,corner,1.37547329e-02,7.25049673e+02
-2.14103358e-02,-8.49600000e-03,edge,4.15269169e-02,7.27031193e+02
-2.14103358e-02,-2.83200000e-03,edge,4.15269169e-02,7.27210683e+02
-2.14103358e-02,2.83200000e-03,edge,4.15269169e-02,7.26352146e+02
-2.14103358e-02,8.49600000e-03,edge,4.15269169e-02,7.25290285e+02
-2.23670773e-02,1.29136381e-02,corner,1.37547329e-02,7.25049673e+02
-1.80629197e-02,1.42938947e-02,edge,4.15269169e-02,7.27031193e+02
-1.31577518e-02,1.71258947e-02,edge,4.15269169e-02,7.27210683e+02
-8.25258394e-03,1.99578947e-02,edge,4.15269169e-02,7.26352146e+02
-3.34741606e-03,2.27898947e-02,edge,4.15269169e-02,7.25290285e+02
1.92890814e-18,2.58272762e-02,corner,1.37547329e-02,7.25049673e+02
