time,Dh_bulk,Dh_center,Dh_corner,Dh_edge,Re_bulk,S_0,S_1,S_10,S_11,S_12,S_13,S_14,S_15,S_16,S_17,S_18,S_19,S_2,S_20,S_21,S_22,S_23,S_24,S_25,S_26,S_27,S_28,S_29,S_3,S_30,S_31,S_32,S_33,S_34,S_35,S_36,S_37,S_38,S_39,S_4,S_40,S_41,S_42,S_43,S_44,S_45,S_46,S_47,S_48,S_49,S_5,S_50,S_51,S_52,S_53,S_54,S_55,S_56,S_57,S_58,S_59,S_6,S_60,S_61,S_62,S_63,S_64,S_65,S_66,S_67,S_68,S_69,S_7,S_70,S_71,S_72,S_73,S_74,S_75,S_76,S_77,S_8,S_9,f_bulk,mass_flux,mdot_0,mdot_1,mdot_10,mdot_11,mdot_12,mdot_13,mdot_14,mdot_15,mdot_16,mdot_17,mdot_18,mdot_19,mdot_2,mdot_20,mdot_21,mdot_22,mdot_23,mdot_24,mdot_25,mdot_26,mdot_27,mdot_28,mdot_29,mdot_3,mdot_30,mdot_31,mdot_32,mdot_33,mdot_34,mdot_35,mdot_36,mdot_37,mdot_38,mdot_39,mdot_4,mdot_40,mdot_41,mdot_42,mdot_43,mdot_44,mdot_45,mdot_46,mdot_47,mdot_48,mdot_49,mdot_5,mdot_50,mdot_51,mdot_52,mdot_53,mdot_54,mdot_55,mdot_56,mdot_57,mdot_58,mdot_59,mdot_6,mdot_60,mdot_61,mdot_62,mdot_63,mdot_64,mdot_65,mdot_66,mdot_67,mdot_68,mdot_69,mdot_7,mdot_70,mdot_71,mdot_72,mdot_73,mdot_74,mdot_75,mdot_76,mdot_77,mdot_8,mdot_9
0,0,0,0,0,0,0,0,0,0,0,0,0,0,0,0,0,0,0,0,0,0,0,0,0,0,0,0,0,0,0,0,0,0,0,0,0,0,0,0,0,0,0,0,0,0,0,0,0,0,0,0,0,0,0,0,0,0,0,0,0,0,0,0,0,0,0,0,0,0,0,0,0,0,0,0,0,0,0,0,0,0,0,0,0,39.81071705535,0,0,0,0,0,0,0,0,0,0,0,0,0,0,0,0,0,0,0,0,0,0,0,0,0,0,0,0,0,0,0,0,0,0,0,0,0,0,0,0,0,0,0,0,0,0,0,0,0,0,0,0,0,0,0,0,0,0,0,0,0,0,0,0,0,0,0,0,0,0,0,0,0,0,0,0,0,0
10000,0.0032883100669504,0.0027515495067006,0.0031829688591719,0.0042905783323429,498.73793057596,1.1838414349352e-05,1.1838414349352e-05,1.1838414349352e-05,1.1838414349352e-05,1.1838414349352e-05,1.1838414349352e-05,1.1838414349352e-05,1.1838414349352e-05,1.1838414349352e-05,1.1838414349352e-05,1.1838414349352e-05,1.1838414349352e-05,1.1838414349352e-05,1.1838414349352e-05,1.1838414349352e-05,1.1838414349352e-05,1.1838414349352e-05,1.1838414349352e-05,1.1838414349352e-05,1.1838414349352e-05,1.1838414349352e-05,1.1838414349352e-05,1.1838414349352e-05,1.1838414349352e-05,1.1838414349352e-05,1.1838414349352e-05,1.1838414349352e-05,1.1838414349352e-05,1.1838414349352e-05,1.1838414349352e-05,1.1838414349352e-05,1.1838414349352e-05,1.1838414349352e-05,1.1838414349352e-05,1.1838414349352e-05,1.1838414349352e-05,1.1838414349352e-05,1.1838414349352e-05,1.1838414349352e-05,1.1838414349352e-05,1.1838414349352e-05,1.1838414349352e-05,1.1838414349352e-05,1.1838414349352e-05,1.1838414349352e-05,1.1838414349352e-05,1.1838414349352e-05,1.1838414349352e-05,1.1838414349352e-05,1.1838414349352e-05,3.015184056665e-05,1.0445431869114e-05,3.015184056665e-05,3.015184056665e-05,3.015184056665e-05,1.0445431869114e-05,1.1838414349352e-05,3.015184056665e-05,3.015184056665e-05,3.015184056665e-05,1.0445431869114e-05,3.015184056665e-05,3.015184056665e-05,3.015184056665e-05,1.0445431869114e-05,3.015184056665e-05,3.015184056665e-05,1.1838414349352e-05,3.015184056665e-05,1.0445431869114e-05,3.015184056665e-05,3.015184056665e-05,3.015184056665e-05,1.0445431869114e-05,3.015184056665e-05,3.015184056665e-05,1.1838414349352e-05,1.1838414349352e-05,0.14830138437181,50.118723362677,0.00042376725182604,0.00042376725072397,0.00042382184090544,0.00042382184155336,0.00042384625261976,0.00042384625433237,0.00042384625398929,0.0004238462542391,0.00042384625438428,0.00042384625398699,0.00042384625415454,0.00042384625404274,0.00042376725121783,0.00042384625318141,0.000423846255181,0.00042384625492515,0.00042384625337988,0.00042383483715048,0.00042383483706718,0.00042383483755065,0.00042383483793151,0.00042383483735657,0.00042383483783635,0.00042376725193605,0.00042383483683261,0.00042383483853061,0.00042383483821469,0.0004238348372267,0.00042383483641292,0.00042383483908796,0.0004238046945147,0.00042382188056735,0.00042380469316902,0.00042380469524225,0.00042376725102775,0.00042382187883741,0.00042380469394723,0.00042380469479137,0.00042382187839227,0.00042380469497797,0.00042380469423263,0.0004238218794372,0.00042380469270515,0.00042380469529889,0.00042382187902027,0.00042376725127173,0.00042380469364571,0.00042380469516818,0.00042382187837985,0.00042380469454299,0.0020996125183194,0.0002837353046107,0.00209962002524,0.0020996125193056,0.0020996125188895,0.00028373530417663,0.00042382184269794,0.0020996200252631,0.0020996125189054,0.0020996125182108,0.00028373530448213,0.0020996200262153,0.0020996125184421,0.0020996125190861,0.00028373530407136,0.0020996200253337,0.0020996125191005,0.00042382184126826,0.002099612518259,0.00028373530461867,0.0020996200253387,0.0020996125194919,0.0020996125189031,0.00028373530413948,0.0020996200258642,0.0020996125182293,0.0004238218415517,0.00042382184175288
20000,0.0032883100669504,0.0027515495067006,0.0031829688591719,0.0042905783323429,627.87383129243,1.1838414349352e-05,1.1838414349352e-05,1.1838414349352e-05,1.1838414349352e-05,1.1838414349352e-05,1.1838414349352e-05,1.1838414349352e-05,1.1838414349352e-05,1.1838414349352e-05,1.1838414349352e-05,1.1838414349352e-05,1.1838414349352e-05,1.1838414349352e-05,1.1838414349352e-05,1.1838414349352e-05,1.1838414349352e-05,1.1838414349352e-05,1.1838414349352e-05,1.1838414349352e-05,1.1838414349352e-05,1.1838414349352e-05,1.1838414349352e-05,1.1838414349352e-05,1.1838414349352e-05,1.1838414349352e-05,1.1838414349352e-05,1.1838414349352e-05,1.1838414349352e-05,1.1838414349352e-05,1.1838414349352e-05,1.1838414349352e-05,1.1838414349352e-05,1.1838414349352e-05,1.1838414349352e-05,1.1838414349352e-05,1.1838414349352e-05,1.1838414349352e-05,1.1838414349352e-05,1.1838414349352e-05,1.1838414349352e-05,1.1838414349352e-05,1.1838414349352e-05,1.1838414349352e-05,1.1838414349352e-05,1.1838414349352e-05,1.1838414349352e-05,1.1838414349352e-05,1.1838414349352e-05,1.1838414349352e-05,1.1838414349352e-05,3.015184056665e-05,1.0445431869114e-05,3.015184056665e-05,3.015184056665e-05,3.015184056665e-05,1.0445431869114e-05,1.1838414349352e-05,3.015184056665e-05,3.015184056665e-05,3.015184056665e-05,1.0445431869114e-05,3.015184056665e-05,3.015184056665e-05,3.015184056665e-05,1.0445431869114e-05,3.015184056665e-05,3.015184056665e-05,1.1838414349352e-05,3.015184056665e-05,1.0445431869114e-05,3.015184056665e-05,3.015184056665e-05,3.015184056665e-05,1.0445431869114e-05,3.015184056665e-05,3.015184056665e-05,1.1838414349352e-05,1.1838414349352e-05,0.11759843783694,63.095734447893,0.00053336130596532,0.0005333613065853,0.00053340026829392,0.00053340026982138,0.00053342821962059,0.00053342822050691,0.00053342822136368,0.00053342821909792,0.00053342821942376,0.00053342821965123,0.00053342822143363,0.00053342821943007,0.00053336130671719,0.00053342821975127,0.00053342821959489,0.00053342822067938,0.00053342821971987,0.00053345960310029,0.00053345960342711,0.00053345960274363,0.0005334596021819,0.00053345960451242,0.00053345960221571,0.00053336130629243,0.00053345960344749,0.00053345960251884,0.00053345960391208,0.00053345960277188,0.00053345960348706,0.00053345960262133,0.00053347445212316,0.00053346883226289,0.00053347445165056,0.00053347445058395,0.00053336130719577,0.00053346883250141,0.00053347445235292,0.0005334744524573,0.0005334688316345,0.00053347445145176,0.00053347445206061,0.00053346883200069,0.000533474452003,0.00053347445160476,0.00053346883367626,0.00053336130641184,0.00053347445073826,0.00053347445113819,0.00053346883230669,0.00053347445235774,0.0026436091213403,0.00035722423885346,0.0026436033904495,0.0026436091216974,0.0026436091217012,0.00035722423883383,0.00053340026803765,0.002643603391286,0.0026436091211676,0.0026436091204275,0.00035722423847245,0.0026436033920245,0.0026436091212601,0.0026436091213049,0.00035722423877064,0.0026436033906049,0.0026436091214403,0.00053340026946987,0.0026436091211432,0.00035722423911253,0.0026436033897449,0.0026436091218896,0.0026436091211538,0.00035722423928013,0.002643603391065,0.0026436091208195,0.00053340026900402,0.00053340026882983
30000,0.0032883100669504,0.0027515495067006,0.0031829688591719,0.0042905783323429,790.44623568712,1.1838414349352e-05,1.1838414349352e-05,1.1838414349352e-05,1.1838414349352e-05,1.1838414349352e-05,1.1838414349352e-05,1.1838414349352e-05,1.1838414349352e-05,1.1838414349352e-05,1.1838414349352e-05,1.1838414349352e-05,1.1838414349352e-05,1.1838414349352e-05,1.1838414349352e-05,1.1838414349352e-05,1.1838414349352e-05,1.1838414349352e-05,1.1838414349352e-05,1.1838414349352e-05,1.1838414349352e-05,1.1838414349352e-05,1.1838414349352e-05,1.1838414349352e-05,1.1838414349352e-05,1.1838414349352e-05,1.1838414349352e-05,1.1838414349352e-05,1.1838414349352e-05,1.1838414349352e-05,1.1838414349352e-05,1.1838414349352e-05,1.1838414349352e-05,1.1838414349352e-05,1.1838414349352e-05,1.1838414349352e-05,1.1838414349352e-05,1.1838414349352e-05,1.1838414349352e-05,1.1838414349352e-05,1.1838414349352e-05,1.1838414349352e-05,1.1838414349352e-05,1.1838414349352e-05,1.1838414349352e-05,1.1838414349352e-05,1.1838414349352e-05,1.1838414349352e-05,1.1838414349352e-05,1.1838414349352e-05,1.1838414349352e-05,3.015184056665e-05,1.0445431869114e-05,3.015184056665e-05,3.015184056665e-05,3.015184056665e-05,1.0445431869114e-05,1.1838414349352e-05,3.015184056665e-05,3.015184056665e-05,3.015184056665e-05,1.0445431869114e-05,3.015184056665e-05,3.015184056665e-05,3.015184056665e-05,1.0445431869114e-05,3.015184056665e-05,3.015184056665e-05,1.1838414349352e-05,3.015184056665e-05,1.0445431869114e-05,3.015184056665e-05,3.015184056665e-05,3.015184056665e-05,1.0445431869114e-05,3.015184056665e-05,3.015184056665e-05,1.1838414349352e-05,1.1838414349352e-05,0.11822863725726,79.43282347219,0.00070932683527852,0.00070932683553184,0.00070978633667433,0.00070978633626559,0.00071226242858191,0.00071226242697507,0.00071226242743732,0.00071226242838985,0.00071226242765399,0.0007122624277595,0.00071226242774233,0.00071226242814764,0.00070932683469693,0.00071226242679277,0.00071226242916382,0.00071226242847513,0.00071226242778126,0.0007351307539851,0.00073513075230048,0.00073513075347071,0.00073513075297833,0.00073513075310966,0.00073513075340362,0.00070932683587531,0.00073513075257107,0.00073513075318804,0.00073513075260166,0.00073513075333596,0.00073513075272122,0.00073513075218758,0.0008165294072414,0.00082533544547927,0.00081652940720272,0.00081652940753614,0.00070932683465648,0.00082533544558572,0.00081652940693664,0.00081652940681136,0.00082533544532201,0.00081652940755432,0.00081652940689395,0.00082533544557684,0.00081652940726429,0.00081652940732134,0.0008253354452099,0.00070932683500884,0.00081652940690375,0.00081652940659468,0.0008253354450558,0.00081652940707776,0.0029385991503899,0.00072832998016563,0.0031002536849891,0.0029385991516466,0.0029385991511665,0.00072832998017238,0.00070978633702721,0.0031002536842303,0.0029385991514696,0.0029385991521417,0.00072832998038053,0.0031002536836731,0.0029385991518171,0.002938599150986,0.00072832998021954,0.0031002536853719,0.0029385991507006,0.00070978633703215,0.002938599151625,0.00072832998010835,0.0031002536853528,0.002938599150646,0.0029385991521656,0.00072832998028773,0.003100253684772,0.0029385991520888,0.00070978633639729,0.00070978633733409
40000,0.0032883100669504,0.0027515495067006,0.0031829688591719,0.0042905783323429,995.11272907068,1.1838414349352e-05,1.1838414349352e-05,1.1838414349352e-05,1.1838414349352e-05,1.1838414349352e-05,1.1838414349352e-05,1.1838414349352e-05,1.1838414349352e-05,1.1838414349352e-05,1.1838414349352e-05,1.1838414349352e-05,1.1838414349352e-05,1.1838414349352e-05,1.1838414349352e-05,1.1838414349352e-05,1.1838414349352e-05,1.1838414349352e-05,1.1838414349352e-05,1.1838414349352e-05,1.1838414349352e-05,1.1838414349352e-05,1.1838414349352e-05,1.1838414349352e-05,1.1838414349352e-05,1.1838414349352e-05,1.1838414349352e-05,1.1838414349352e-05,1.1838414349352e-05,1.1838414349352e-05,1.1838414349352e-05,1.1838414349352e-05,1.1838414349352e-05,1.1838414349352e-05,1.1838414349352e-05,1.1838414349352e-05,1.1838414349352e-05,1.1838414349352e-05,1.1838414349352e-05,1.1838414349352e-05,1.1838414349352e-05,1.1838414349352e-05,1.1838414349352e-05,1.1838414349352e-05,1.1838414349352e-05,1.1838414349352e-05,1.1838414349352e-05,1.1838414349352e-05,1.1838414349352e-05,1.1838414349352e-05,1.1838414349352e-05,3.015184056665e-05,1.0445431869114e-05,3.015184056665e-05,3.015184056665e-05,3.015184056665e-05,1.0445431869114e-05,1.1838414349352e-05,3.015184056665e-05,3.015184056665e-05,3.015184056665e-05,1.0445431869114e-05,3.015184056665e-05,3.015184056665e-05,3.015184056665e-05,1.0445431869114e-05,3.015184056665e-05,3.015184056665e-05,1.1838414349352e-05,3.015184056665e-05,1.0445431869114e-05,3.015184056665e-05,3.015184056665e-05,3.015184056665e-05,1.0445431869114e-05,3.015184056665e-05,3.015184056665e-05,1.1838414349352e-05,1.1838414349352e-05,0.1059265297376,99.999999999601,0.0009032896852387,0.00090328968525791,0.00090438304446547,0.00090438304459524,0.00090883228066273,0.00090883228119882,0.00090883228108703,0.00090883228058264,0.00090883228124325,0.00090883228065229,0.0009088322816795,0.00090883228055985,0.00090328968487405,0.00090883228104903,0.0009088322805084,0.00090883228076948,0.00090883228046092,0.00094564232665141,0.00094564232658896,0.00094564232658321,0.00094564232647193,0.00094564232677437,0.00094564232599504,0.00090328968473285,0.00094564232693387,0.00094564232612544,0.00094564232672104,0.00094564232645024,0.00094564232654803,0.00094564232679491,0.0010644004431026,0.0010776954706637,0.0010644004429737,0.0010644004431103,0.00090328968542077,0.0010776954699913,0.0010644004432885,0.00106440044337,0.001077695469813,0.001064400443189,0.0010644004430809,0.0010776954699916,0.0010644004433146,0.0010644004437657,0.0010776954704096,0.00090328968563168,0.0010644004431353,0.0010644004433789,0.0010776954706171,0.0010644004432918,0.0036111499254945,0.0009958475582739,0.0038034026057661,0.0036111499257461,0.0036111499255623,0.00099584755818561,0.00090438304402515,0.0038034026066378,0.0036111499253362,0.0036111499253926,0.00099584755813582,0.0038034026062027,0.0036111499262543,0.0036111499249847,0.00099584755814309,0.0038034026066135,0.0036111499256236,0.00090438304437798,0.0036111499250934,0.00099584755806167,0.0038034026060592,0.0036111499257141,0.0036111499257546,0.00099584755822085,0.0038034026053899,0.0036111499257967,0.00090438304484973,0.00090438304441833
50000,0.0032883100669504,0.0027515495067006,0.0031829688591719,0.0042905783323429,1252.77249106,1.1838414349352e-05,1.1838414349352e-05,1.1838414349352e-05,1.1838414349352e-05,1.1838414349352e-05,1.1838414349352e-05,1.1838414349352e-05,1.1838414349352e-05,1.1838414349352e-05,1.1838414349352e-05,1.1838414349352e-05,1.1838414349352e-05,1.1838414349352e-05,1.1838414349352e-05,1.1838414349352e-05,1.1838414349352e-05,1.1838414349352e-05,1.1838414349352e-05,1.1838414349352e-05,1.1838414349352e-05,1.1838414349352e-05,1.1838414349352e-05,1.1838414349352e-05,1.1838414349352e-05,1.1838414349352e-05,1.1838414349352e-05,1.1838414349352e-05,1.1838414349352e-05,1.1838414349352e-05,1.1838414349352e-05,1.1838414349352e-05,1.1838414349352e-05,1.1838414349352e-05,1.1838414349352e-05,1.1838414349352e-05,1.1838414349352e-05,1.1838414349352e-05,1.1838414349352e-05,1.1838414349352e-05,1.1838414349352e-05,1.1838414349352e-05,1.1838414349352e-05,1.1838414349352e-05,1.1838414349352e-05,1.1838414349352e-05,1.1838414349352e-05,1.1838414349352e-05,1.1838414349352e-05,1.1838414349352e-05,1.1838414349352e-05,3.015184056665e-05,1.0445431869114e-05,3.015184056665e-05,3.015184056665e-05,3.015184056665e-05,1.0445431869114e-05,1.1838414349352e-05,3.015184056665e-05,3.015184056665e-05,3.015184056665e-05,1.0445431869114e-05,3.015184056665e-05,3.015184056665e-05,3.015184056665e-05,1.0445431869114e-05,3.015184056665e-05,3.015184056665e-05,1.1838414349352e-05,3.015184056665e-05,1.0445431869114e-05,3.015184056665e-05,3.015184056665e-05,3.015184056665e-05,1.0445431869114e-05,3.015184056665e-05,3.015184056665e-05,1.1838414349352e-05,1.1838414349352e-05,0.093660986558506,125.89254117879,0.0011446941002566,0.0011446941003101,0.0011466684921522,0.0011466684920212,0.0011537084699426,0.001153708469638,0.001153708469906,0.0011537084695156,0.0011537084698136,0.0011537084693449,0.0011537084695446,0.0011537084698705,0.0011446941006193,0.0011537084701716,0.0011537084690016,0.0011537084691021,0.0011537084700659,0.0012067671696314,0.0012067671700351,0.001206767169676,0.001206767169906,0.0012067671696408,0.0012067671696786,0.0011446941001089,0.0012067671701787,0.0012067671696358,0.001206767169527,0.0012067671699799,0.0012067671699914,0.0012067671695277,0.001363889750816,0.0013788308962207,0.0013638897511189,0.0013638897507373,0.0011446941006095,0.0013788308961972,0.001363889751094,0.0013638897509154,0.0013788308962222,0.001363889751205,0.0013638897509375,0.0013788308965879,0.0013638897505707,0.0013638897505425,0.0013788308963872,0.0011446941005151,0.0013638897515562,0.0013638897513248,0.0013788308963873,0.0013638897506693,0.0044906021134257,0.0013084386015052,0.0047074229913706,0.0044906021129943,0.0044906021126357,0.00130843860137,0.0011466684917122,0.0047074229923869,0.0044906021123684,0.0044906021132116,0.0013084386013316,0.0047074229916672,0.0044906021131344,0.0044906021123687,0.0013084386013121,0.0047074229918491,0.0044906021129129,0.0011466684918438,0.0044906021135886,0.0013084386016164,0.0047074229913493,0.0044906021128871,0.0044906021122305,0.0013084386011513,0.0047074229922979,0.0044906021127214,0.0011466684923366,0.0011466684915754
60000,0.0032883100669504,0.0027515495067006,0.0031829688591719,0.0042905783323429,1577.1467442868,1.1838414349352e-05,1.1838414349352e-05,1.1838414349352e-05,1.1838414349352e-05,1.1838414349352e-05,1.1838414349352e-05,1.1838414349352e-05,1.1838414349352e-05,1.1838414349352e-05,1.1838414349352e-05,1.1838414349352e-05,1.1838414349352e-05,1.1838414349352e-05,1.1838414349352e-05,1.1838414349352e-05,1.1838414349352e-05,1.1838414349352e-05,1.1838414349352e-05,1.1838414349352e-05,1.1838414349352e-05,1.1838414349352e-05,1.1838414349352e-05,1.1838414349352e-05,1.1838414349352e-05,1.1838414349352e-05,1.1838414349352e-05,1.1838414349352e-05,1.1838414349352e-05,1.1838414349352e-05,1.1838414349352e-05,1.1838414349352e-05,1.1838414349352e-05,1.1838414349352e-05,1.1838414349352e-05,1.1838414349352e-05,1.1838414349352e-05,1.1838414349352e-05,1.1838414349352e-05,1.1838414349352e-05,1.1838414349352e-05,1.1838414349352e-05,1.1838414349352e-05,1.1838414349352e-05,1.1838414349352e-05,1.1838414349352e-05,1.1838414349352e-05,1.1838414349352e-05,1.1838414349352e-05,1.1838414349352e-05,1.1838414349352e-05,3.015184056665e-05,1.0445431869114e-05,3.015184056665e-05,3.015184056665e-05,3.015184056665e-05,1.0445431869114e-05,1.1838414349352e-05,3.015184056665e-05,3.015184056665e-05,3.015184056665e-05,1.0445431869114e-05,3.015184056665e-05,3.015184056665e-05,3.015184056665e-05,1.0445431869114e-05,3.015184056665e-05,3.015184056665e-05,1.1838414349352e-05,3.015184056665e-05,1.0445431869114e-05,3.015184056665e-05,3.015184056665e-05,3.015184056665e-05,1.0445431869114e-05,3.015184056665e-05,3.015184056665e-05,1.1838414349352e-05,1.1838414349352e-05,0.083305194269737,158.48931924516,0.0014480496560874,0.0014480496561912,0.0014512951261299,0.0014512951260647,0.001461826989435,0.0014618269896754,0.0014618269894614,0.0014618269894278,0.0014618269893808,0.0014618269893061,0.0014618269896535,0.0014618269892656,0.0014480496564274,0.001461826989752,0.0014618269896115,0.0014618269894622,0.001461826989747,0.001535129908789,0.0015351299094399,0.0015351299090453,0.0015351299096989,0.0015351299092743,0.001535129909202,0.0014480496560958,0.0015351299092981,0.00153512990912,0.001535129909132,0.0015351299090727,0.0015351299090948,0.0015351299093461,0.001737240945927,0.0017518497915447,0.0017372409458736,0.00173724094596,0.0014480496558867,0.0017518497913371,0.0017372409461281,0.0017372409458685,0.0017518497915097,0.0017372409460249,0.001737240946093,0.0017518497914611,0.0017372409462312,0.001737240946009,0.0017518497912831,0.0014480496558349,0.0017372409459176,0.0017372409460585,0.0017518497912953,0.0017372409460341,0.0056080033869802,0.0016952231326307,0.0058472634090999,0.0056080033865483,0.0056080033872365,0.0016952231326761,0.0014512951259445,0.005847263408731,0.0056080033868337,0.0056080033868242,0.0016952231325877,0.0058472634091173,0.0056080033867173,0.0056080033868669,0.0016952231325849,0.0058472634089394,0.0056080033869312,0.0014512951256983,0.005608003386586,0.0016952231325415,0.0058472634094308,0.0056080033868057,0.0056080033871795,0.0016952231326241,0.005847263408939,0.0056080033868773,0.0014512951258491,0.001451295125875
70000,0.0032883100669504,0.0027515495067006,0.0031829688591719,0.0042905783323429,1985.509418823,1.1838414349352e-05,1.1838414349352e-05,1.1838414349352e-05,1.1838414349352e-05,1.1838414349352e-05,1.1838414349352e-05,1.1838414349352e-05,1.1838414349352e-05,1.1838414349352e-05,1.1838414349352e-05,1.1838414349352e-05,1.1838414349352e-05,1.1838414349352e-05,1.1838414349352e-05,1.1838414349352e-05,1.1838414349352e-05,1.1838414349352e-05,1.1838414349352e-05,1.1838414349352e-05,1.1838414349352e-05,1.1838414349352e-05,1.1838414349352e-05,1.1838414349352e-05,1.1838414349352e-05,1.1838414349352e-05,1.1838414349352e-05,1.1838414349352e-05,1.1838414349352e-05,1.1838414349352e-05,1.1838414349352e-05,1.1838414349352e-05,1.1838414349352e-05,1.1838414349352e-05,1.1838414349352e-05,1.1838414349352e-05,1.1838414349352e-05,1.1838414349352e-05,1.1838414349352e-05,1.1838414349352e-05,1.1838414349352e-05,1.1838414349352e-05,1.1838414349352e-05,1.1838414349352e-05,1.1838414349352e-05,1.1838414349352e-05,1.1838414349352e-05,1.1838414349352e-05,1.1838414349352e-05,1.1838414349352e-05,1.1838414349352e-05,3.015184056665e-05,1.0445431869114e-05,3.015184056665e-05,3.015184056665e-05,3.015184056665e-05,1.0445431869114e-05,1.1838414349352e-05,3.015184056665e-05,3.015184056665e-05,3.015184056665e-05,1.0445431869114e-05,3.015184056665e-05,3.015184056665e-05,3.015184056665e-05,1.0445431869114e-05,3.015184056665e-05,3.015184056665e-05,1.1838414349352e-05,3.015184056665e-05,1.0445431869114e-05,3.015184056665e-05,3.015184056665e-05,3.015184056665e-05,1.0445431869114e-05,3.015184056665e-05,3.015184056665e-05,1.1838414349352e-05,1.1838414349352e-05,0.074833320025675,199.52623149549,0.0018298289751052,0.0018298289752521,0.0018348906185986,0.0018348906188454,0.0018500915513433,0.0018500915514221,0.0018500915515377,0.0018500915511644,0.0018500915511354,0.0018500915516281,0.0018500915515743,0.001850091551382,0.0018298289751076,0.0018500915512756,0.0018500915514925,0.0018500915515115,0.0018500915513865,0.0019488538227265,0.0019488538226911,0.0019488538223281,0.0019488538224515,0.0019488538226969,0.0019488538225863,0.0018298289751826,0.0019488538224392,0.0019488538226102,0.0019488538227221,0.0019488538226901,0.0019488538224139,0.0019488538225355,0.0022054811893939,0.0022176940788395,0.0022054811894183,0.0022054811892268,0.0018298289748834,0.0022176940788856,0.0022054811895619,0.0022054811897317,0.0022176940788697,0.0022054811892226,0.0022054811893253,0.0022176940786228,0.0022054811895187,0.0022054811894889,0.0022176940785667,0.0018298289751797,0.002205481189536,0.0022054811892355,0.00221769407866,0.0022054811893823,0.0070201242292373,0.0021791786204353,0.0072803610290921,0.0070201242294639,0.007020124229336,0.0021791786204591,0.0018348906184172,0.0072803610296377,0.0070201242290008,0.0070201242294799,0.0021791786202881,0.007280361028756,0.0070201242294857,0.0070201242299025,0.0021791786205423,0.0072803610286538,0.0070201242294307,0.0018348906190116,0.0070201242297961,0.0021791786204392,0.0072803610282628,0.0070201242298361,0.0070201242295398,0.002179178620519,0.0072803610288643,0.0070201242296638,0.0018348906184711,0.0018348906187044
80000,0.0032883100669504,0.0027515495067006,0.0031829688591719,0.0042905783323429,2499.6069747018,1.1838414349352e-05,1.1838414349352e-05,1.1838414349352e-05,1.1838414349352e-05,1.1838414349352e-05,1.1838414349352e-05,1.1838414349352e-05,1.1838414349352e-05,1.1838414349352e-05,1.1838414349352e-05,1.1838414349352e-05,1.1838414349352e-05,1.1838414349352e-05,1.1838414349352e-05,1.1838414349352e-05,1.1838414349352e-05,1.1838414349352e-05,1.1838414349352e-05,1.1838414349352e-05,1.1838414349352e-05,1.1838414349352e-05,1.1838414349352e-05,1.1838414349352e-05,1.1838414349352e-05,1.1838414349352e-05,1.1838414349352e-05,1.1838414349352e-05,1.1838414349352e-05,1.1838414349352e-05,1.1838414349352e-05,1.1838414349352e-05,1.1838414349352e-05,1.1838414349352e-05,1.1838414349352e-05,1.1838414349352e-05,1.1838414349352e-05,1.1838414349352e-05,1.1838414349352e-05,1.1838414349352e-05,1.1838414349352e-05,1.1838414349352e-05,1.1838414349352e-05,1.1838414349352e-05,1.1838414349352e-05,1.1838414349352e-05,1.1838414349352e-05,1.1838414349352e-05,1.1838414349352e-05,1.1838414349352e-05,1.1838414349352e-05,3.015184056665e-05,1.0445431869114e-05,3.015184056665e-05,3.015184056665e-05,3.015184056665e-05,1.0445431869114e-05,1.1838414349352e-05,3.015184056665e-05,3.015184056665e-05,3.015184056665e-05,1.0445431869114e-05,3.015184056665e-05,3.015184056665e-05,3.015184056665e-05,1.0445431869114e-05,3.015184056665e-05,3.015184056665e-05,1.1838414349352e-05,3.015184056665e-05,1.0445431869114e-05,3.015184056665e-05,3.015184056665e-05,3.015184056665e-05,1.0445431869114e-05,3.015184056665e-05,3.015184056665e-05,1.1838414349352e-05,1.1838414349352e-05,0.067930341771415,251.18864314895,0.002310739352824,0.0023107393527687,0.0023182927676983,0.0023182927677114,0.0023396325087993,0.0023396325089436,0.0023396325089432,0.0023396325087462,0.0023396325087118,0.0023396325087587,0.0023396325087607,0.0023396325085585,0.0023107393529218,0.0023396325085475,0.0023396325087465,0.0023396325087586,0.002339632508727,0.0024704217445469,0.0024704217444496,0.0024704217445626,0.0024704217446654,0.00247042174471,0.0024704217446158,0.0023107393531511,0.0024704217445597,0.0024704217446597,0.0024704217447742,0.0024704217446457,0.0024704217446464,0.0024704217445033,0.0027938739761788,0.0028013503132718,0.0027938739760112,0.002793873975972,0.0023107393529907,0.0028013503131267,0.0027938739759857,0.0027938739762763,0.0028013503131107,0.0027938739761586,0.0027938739761944,0.0028013503132551,0.0027938739763909,0.0027938739761395,0.0028013503132022,0.0023107393530979,0.0027938739760151,0.0027938739760343,0.0028013503133016,0.0027938739760342,0.0088009501840478,0.0027869484992198,0.0090811630489388,0.0088009501837734,0.008800950184513,0.0027869484993052,0.002318292767714,0.0090811630484692,0.0088009501838864,0.0088009501843978,0.0027869484992815,0.009081163048071,0.00880095018418,0.0088009501841575,0.0027869484992842,0.0090811630481628,0.0088009501842136,0.0023182927676973,0.0088009501837542,0.0027869484991948,0.0090811630485822,0.0088009501842786,0.0088009501838029,0.002786948499271,0.0090811630489161,0.0088009501839546,0.0023182927676387,0.0023182927676548
90000,0.0032883100669504,0.0027515495067006,0.0031829688591719,0.0042905783323429,3146.8162834791,1.1838414349352e-05,1.1838414349352e-05,1.1838414349352e-05,1.1838414349352e-05,1.1838414349352e-05,1.1838414349352e-05,1.1838414349352e-05,1.1838414349352e-05,1.1838414349352e-05,1.1838414349352e-05,1.1838414349352e-05,1.1838414349352e-05,1.1838414349352e-05,1.1838414349352e-05,1.1838414349352e-05,1.1838414349352e-05,1.1838414349352e-05,1.1838414349352e-05,1.1838414349352e-05,1.1838414349352e-05,1.1838414349352e-05,1.1838414349352e-05,1.1838414349352e-05,1.1838414349352e-05,1.1838414349352e-05,1.1838414349352e-05,1.1838414349352e-05,1.1838414349352e-05,1.1838414349352e-05,1.1838414349352e-05,1.1838414349352e-05,1.1838414349352e-05,1.1838414349352e-05,1.1838414349352e-05,1.1838414349352e-05,1.1838414349352e-05,1.1838414349352e-05,1.1838414349352e-05,1.1838414349352e-05,1.1838414349352e-05,1.1838414349352e-05,1.1838414349352e-05,1.1838414349352e-05,1.1838414349352e-05,1.1838414349352e-05,1.1838414349352e-05,1.1838414349352e-05,1.1838414349352e-05,1.1838414349352e-05,1.1838414349352e-05,3.015184056665e-05,1.0445431869114e-05,3.015184056665e-05,3.015184056665e-05,3.015184056665e-05,1.0445431869114e-05,1.1838414349352e-05,3.015184056665e-05,3.015184056665e-05,3.015184056665e-05,1.0445431869114e-05,3.015184056665e-05,3.015184056665e-05,3.015184056665e-05,1.0445431869114e-05,3.015184056665e-05,3.015184056665e-05,1.1838414349352e-05,3.015184056665e-05,1.0445431869114e-05,3.015184056665e-05,3.015184056665e-05,3.015184056665e-05,1.0445431869114e-05,3.015184056665e-05,3.015184056665e-05,1.1838414349352e-05,1.1838414349352e-05,0.062245453360364,316.227766014,0.0029166258503357,0.0029166258506999,0.0029276103894793,0.0029276103899502,0.0029569986558683,0.0029569986561626,0.0029569986563985,0.0029569986558956,0.0029569986559851,0.0029569986562642,0.0029569986556035,0.0029569986559108,0.0029166258511939,0.0029569986564735,0.0029569986558027,0.0029569986563204,0.0029569986566663,0.0031281377841967,0.0031281377847969,0.0031281377849587,0.0031281377842981,0.003128137784475,0.0031281377852583,0.0029166258508331,0.0031281377844571,0.0031281377846007,0.0031281377852306,0.0031281377841764,0.0031281377846727,0.0031281377848736,0.0035339647930942,0.0035338070627052,0.0035339647933612,0.0035339647932879,0.0029166258508381,0.0035338070625779,0.003533964793165,0.0035339647932917,0.0035338070625353,0.0035339647935322,0.0035339647932313,0.0035338070626511,0.0035339647933072,0.0035339647937484,0.0035338070625687,0.0029166258506872,0.0035339647930669,0.0035339647932323,0.0035338070622952,0.0035339647935153,0.011044559647222,0.0035516712575462,0.011343364758599,0.011044559647124,0.011044559647014,0.0035516712573753,0.0029276103894171,0.011343364757729,0.011044559647745,0.011044559647846,0.003551671257662,0.011343364756962,0.011044559647297,0.011044559647109,0.0035516712574125,0.011343364759029,0.011044559646619,0.0029276103897501,0.011044559647151,0.0035516712572501,0.011343364757608,0.011044559647753,0.011044559648083,0.0035516712577503,0.011343364756427,0.011044559647805,0.0029276103898438,0.0029276103893305
100000,0.0032883100669504,0.0027515495067006,0.0031829688591719,0.0042905783323429,3961.602476298,1.1838414349352e-05,1.1838414349352e-05,1.1838414349352e-05,1.1838414349352e-05,1.1838414349352e-05,1.1838414349352e-05,1.1838414349352e-05,1.1838414349352e-05,1.1838414349352e-05,1.1838414349352e-05,1.1838414349352e-05,1.1838414349352e-05,1.1838414349352e-05,1.1838414349352e-05,1.1838414349352e-05,1.1838414349352e-05,1.1838414349352e-05,1.1838414349352e-05,1.1838414349352e-05,1.1838414349352e-05,1.1838414349352e-05,1.1838414349352e-05,1.1838414349352e-05,1.1838414349352e-05,1.1838414349352e-05,1.1838414349352e-05,1.1838414349352e-05,1.1838414349352e-05,1.1838414349352e-05,1.1838414349352e-05,1.1838414349352e-05,1.1838414349352e-05,1.1838414349352e-05,1.1838414349352e-05,1.1838414349352e-05,1.1838414349352e-05,1.1838414349352e-05,1.1838414349352e-05,1.1838414349352e-05,1.1838414349352e-05,1.1838414349352e-05,1.1838414349352e-05,1.1838414349352e-05,1.1838414349352e-05,1.1838414349352e-05,1.1838414349352e-05,1.1838414349352e-05,1.1838414349352e-05,1.1838414349352e-05,1.1838414349352e-05,3.015184056665e-05,1.0445431869114e-05,3.015184056665e-05,3.015184056665e-05,3.015184056665e-05,1.0445431869114e-05,1.1838414349352e-05,3.015184056665e-05,3.015184056665e-05,3.015184056665e-05,1.0445431869114e-05,3.015184056665e-05,3.015184056665e-05,3.015184056665e-05,1.0445431869114e-05,3.015184056665e-05,3.015184056665e-05,1.1838414349352e-05,3.015184056665e-05,1.0445431869114e-05,3.015184056665e-05,3.015184056665e-05,3.015184056665e-05,1.0445431869114e-05,3.015184056665e-05,3.015184056665e-05,1.1838414349352e-05,1.1838414349352e-05,0.057449874690226,398.10717054952,0.003679845386269,0.0036798453861288,0.0036954759260736,0.0036954759261538,0.0037354338655793,0.0037354338663192,0.0037354338659601,0.0037354338659606,0.0037354338660209,0.003735433865908,0.0037354338657596,0.0037354338660853,0.0036798453865875,0.0037354338660323,0.0037354338657477,0.0037354338663173,0.003735433865886,0.0039576936577342,0.0039576936581863,0.0039576936578503,0.0039576936578967,0.0039576936579708,0.0039576936578177,0.0036798453862218,0.0039576936579053,0.0039576936580629,0.0039576936579374,0.0039576936577768,0.0039576936580583,0.0039576936580372,0.0044654288914853,0.0044539390887231,0.0044654288914525,0.0044654288913211,0.003679845386092,0.0044539390888206,0.0044654288914822,0.0044654288913631,0.0044539390892277,0.0044654288911555,0.0044654288913293,0.0044539390890819,0.0044654288913442,0.0044654288915174,0.0044539390886309,0.0036798453860883,0.0044654288913194,0.0044654288914893,0.0044539390887739,0.004465428891804,0.013869714134755,0.004515155153333,0.014185055283609,0.013869714135112,0.0138697141346,0.004515155153374,0.0036954759262858,0.014185055283712,0.013869714135149,0.013869714134336,0.0045151551533062,0.014185055284402,0.013869714134631,0.01386971413536,0.0045151551534873,0.014185055283752,0.013869714134287,0.003695475925818,0.013869714135622,0.0045151551534079,0.014185055282919,0.013869714135181,0.013869714135152,0.0045151551535084,0.014185055283091,0.013869714135225,0.0036954759263012,0.003695475926033
110000,0.0032883100669504,0.0027515495067006,0.0031829688591719,0.0042905783323429,4987.35361116,1.1838414349352e-05,1.1838414349352e-05,1.1838414349352e-05,1.1838414349352e-05,1.1838414349352e-05,1.1838414349352e-05,1.1838414349352e-05,1.1838414349352e-05,1.1838414349352e-05,1.1838414349352e-05,1.1838414349352e-05,1.1838414349352e-05,1.1838414349352e-05,1.1838414349352e-05,1.1838414349352e-05,1.1838414349352e-05,1.1838414349352e-05,1.1838414349352e-05,1.1838414349352e-05,1.1838414349352e-05,1.1838414349352e-05,1.1838414349352e-05,1.1838414349352e-05,1.1838414349352e-05,1.1838414349352e-05,1.1838414349352e-05,1.1838414349352e-05,1.1838414349352e-05,1.1838414349352e-05,1.1838414349352e-05,1.1838414349352e-05,1.1838414349352e-05,1.1838414349352e-05,1.1838414349352e-05,1.1838414349352e-05,1.1838414349352e-05,1.1838414349352e-05,1.1838414349352e-05,1.1838414349352e-05,1.1838414349352e-05,1.1838414349352e-05,1.1838414349352e-05,1.1838414349352e-05,1.1838414349352e-05,1.1838414349352e-05,1.1838414349352e-05,1.1838414349352e-05,1.1838414349352e-05,1.1838414349352e-05,1.1838414349352e-05,3.015184056665e-05,1.0445431869114e-05,3.015184056665e-05,3.015184056665e-05,3.015184056665e-05,1.0445431869114e-05,1.1838414349352e-05,3.015184056665e-05,3.015184056665e-05,3.015184056665e-05,1.0445431869114e-05,3.015184056665e-05,3.015184056665e-05,3.015184056665e-05,1.0445431869114e-05,3.015184056665e-05,3.015184056665e-05,1.1838414349352e-05,3.015184056665e-05,1.0445431869114e-05,3.015184056665e-05,3.015184056665e-05,3.015184056665e-05,1.0445431869114e-05,3.015184056665e-05,3.015184056665e-05,1.1838414349352e-05,1.1838414349352e-05,0.053309077858234,501.18723362177,0.0046417156330424,0.0046417156330139,0.0046636730306216,0.0046636730306472,0.0047174509887457,0.0047174509886557,0.0047174509886671,0.0047174509887651,0.0047174509887364,0.004717450988601,0.0047174509886622,0.00471745098876,0.0046417156330017,0.0047174509887098,0.0047174509886247,0.0047174509886733,0.0047174509887157,0.0050043171762887,0.0050043171763412,0.0050043171763324,0.0050043171762728,0.0050043171763072,0.0050043171763202,0.004641715633039,0.0050043171763169,0.0050043171762998,0.0050043171763062,0.0050043171763298,0.0050043171763777,0.0050043171762314,0.0056381289677854,0.0056104080724632,0.005638128967899,0.0056381289678558,0.0046417156330458,0.0056104080723984,0.0056381289677898,0.0056381289677832,0.0056104080724546,0.0056381289679114,0.005638128967904,0.0056104080723981,0.005638128967798,0.0056381289677945,0.0056104080724562,0.0046417156329776,0.0056381289679112,0.0056381289678873,0.0056104080724311,0.0056381289677066,0.017425473553317,0.0057299796761244,0.017753111285543,0.017425473553279,0.017425473553202,0.0057299796760488,0.0046636730306489,0.017753111285422,0.017425473553344,0.01742547355334,0.0057299796761187,0.017753111285416,0.017425473553264,0.017425473553281,0.0057299796760513,0.017753111285299,0.017425473553399,0.0046636730305754,0.017425473553317,0.0057299796761191,0.017753111285506,0.017425473553231,0.017425473553268,0.0057299796760522,0.017753111285264,0.017425473553378,0.0046636730306788,0.004663673030625
120000,0.0032883100669504,0.0027515495067006,0.0031829688591719,0.0042905783323429,6278.6904443255,1.1838414349352e-05,1.1838414349352e-05,1.1838414349352e-05,1.1838414349352e-05,1.1838414349352e-05,1.1838414349352e-05,1.1838414349352e-05,1.1838414349352e-05,1.1838414349352e-05,1.1838414349352e-05,1.1838414349352e-05,1.1838414349352e-05,1.1838414349352e-05,1.1838414349352e-05,1.1838414349352e-05,1.1838414349352e-05,1.1838414349352e-05,1.1838414349352e-05,1.1838414349352e-05,1.1838414349352e-05,1.1838414349352e-05,1.1838414349352e-05,1.1838414349352e-05,1.1838414349352e-05,1.1838414349352e-05,1.1838414349352e-05,1.1838414349352e-05,1.1838414349352e-05,1.1838414349352e-05,1.1838414349352e-05,1.1838414349352e-05,1.1838414349352e-05,1.1838414349352e-05,1.1838414349352e-05,1.1838414349352e-05,1.1838414349352e-05,1.1838414349352e-05,1.1838414349352e-05,1.1838414349352e-05,1.1838414349352e-05,1.1838414349352e-05,1.1838414349352e-05,1.1838414349352e-05,1.1838414349352e-05,1.1838414349352e-05,1.1838414349352e-05,1.1838414349352e-05,1.1838414349352e-05,1.1838414349352e-05,1.1838414349352e-05,3.015184056665e-05,1.0445431869114e-05,3.015184056665e-05,3.015184056665e-05,3.015184056665e-05,1.0445431869114e-05,1.1838414349352e-05,3.015184056665e-05,3.015184056665e-05,3.015184056665e-05,1.0445431869114e-05,3.015184056665e-05,3.015184056665e-05,3.015184056665e-05,1.0445431869114e-05,3.015184056665e-05,3.015184056665e-05,1.1838414349352e-05,3.015184056665e-05,1.0445431869114e-05,3.015184056665e-05,3.015184056665e-05,3.015184056665e-05,1.0445431869114e-05,3.015184056665e-05,3.015184056665e-05,1.1838414349352e-05,1.1838414349352e-05,0.049676379567722,630.95734447264,0.0058538712714437,0.0058538712714939,0.0058843807677819,0.0058843807676827,0.005956215812359,0.0059562158123305,0.0059562158125734,0.0059562158122213,0.0059562158122525,0.0059562158123473,0.0059562158124458,0.005956215812243,0.0058538712715442,0.0059562158122484,0.0059562158123275,0.0059562158121931,0.0059562158125307,0.0063248320551785,0.0063248320551395,0.0063248320551846,0.0063248320551478,0.0063248320552813,0.0063248320550925,0.0058538712714582,0.006324832055259,0.0063248320552003,0.006324832055215,0.0063248320553311,0.0063248320550922,0.0063248320551943,0.0071147039802122,0.0070644227920826,0.0071147039801871,0.0071147039801146,0.0058538712715499,0.0070644227921531,0.007114703980316,0.0071147039803401,0.0070644227920959,0.0071147039802266,0.0071147039802148,0.0070644227921373,0.0071147039803123,0.0071147039802139,0.0070644227922031,0.0058538712715148,0.0071147039802498,0.0071147039803241,0.0070644227920166,0.0071147039801859,0.021899987281596,0.0072621660623531,0.022233688923293,0.021899987281866,0.021899987281437,0.00726216606238,0.0058843807675998,0.022233688923631,0.021899987281361,0.02189998728158,0.0072621660622731,0.022233688923325,0.021899987281694,0.021899987281472,0.0072621660623689,0.022233688923256,0.02189998728162,0.0058843807677038,0.021899987281467,0.007262166062349,0.022233688923569,0.021899987281238,0.02189998728179,0.0072621660623146,0.022233688923286,0.021899987281608,0.0058843807677609,0.0058843807676661
130000,0.0032883100669504,0.0027515495067006,0.0031829688591719,0.0042905783323429,7904.3732373202,1.1838414349352e-05,1.1838414349352e-05,1.1838414349352e-05,1.1838414349352e-05,1.1838414349352e-05,1.1838414349352e-05,1.1838414349352e-05,1.1838414349352e-05,1.1838414349352e-05,1.1838414349352e-05,1.1838414349352e-05,1.1838414349352e-05,1.1838414349352e-05,1.1838414349352e-05,1.1838414349352e-05,1.1838414349352e-05,1.1838414349352e-05,1.1838414349352e-05,1.1838414349352e-05,1.1838414349352e-05,1.1838414349352e-05,1.1838414349352e-05,1.1838414349352e-05,1.1838414349352e-05,1.1838414349352e-05,1.1838414349352e-05,1.1838414349352e-05,1.1838414349352e-05,1.1838414349352e-05,1.1838414349352e-05,1.1838414349352e-05,1.1838414349352e-05,1.1838414349352e-05,1.1838414349352e-05,1.1838414349352e-05,1.1838414349352e-05,1.1838414349352e-05,1.1838414349352e-05,1.1838414349352e-05,1.1838414349352e-05,1.1838414349352e-05,1.1838414349352e-05,1.1838414349352e-05,1.1838414349352e-05,1.1838414349352e-05,1.1838414349352e-05,1.1838414349352e-05,1.1838414349352e-05,1.1838414349352e-05,1.1838414349352e-05,3.015184056665e-05,1.0445431869114e-05,3.015184056665e-05,3.015184056665e-05,3.015184056665e-05,1.0445431869114e-05,1.1838414349352e-05,3.015184056665e-05,3.015184056665e-05,3.015184056665e-05,1.0445431869114e-05,3.015184056665e-05,3.015184056665e-05,3.015184056665e-05,1.0445431869114e-05,3.015184056665e-05,3.015184056665e-05,1.1838414349352e-05,3.015184056665e-05,1.0445431869114e-05,3.015184056665e-05,3.015184056665e-05,3.015184056665e-05,1.0445431869114e-05,3.015184056665e-05,3.015184056665e-05,1.1838414349352e-05,1.1838414349352e-05,0.046543872300331,794.32823471397,0.0073810289820848,0.0073810289821072,0.0074230234775579,0.0074230234777408,0.0075183294120959,0.0075183294121117,0.0075183294121546,0.0075183294121193,0.0075183294121379,0.0075183294120647,0.0075183294120871,0.0075183294121185,0.0073810289821735,0.0075183294120958,0.0075183294120725,0.0075183294121265,0.0075183294122,0.0079901665694059,0.0079901665694773,0.0079901665693277,0.0079901665693271,0.0079901665694759,0.0079901665693764,0.0073810289822284,0.0079901665693981,0.0079901665693856,0.0079901665693905,0.0079901665695054,0.0079901665693263,0.007990166569362,0.0089733691024723,0.0088925354981791,0.0089733691025586,0.0089733691024148,0.0073810289821538,0.0088925354981988,0.0089733691024064,0.0089733691025642,0.0088925354982956,0.0089733691025824,0.0089733691024111,0.0088925354982702,0.00897336910238,0.0089733691025111,0.0088925354982571,0.0073810289821853,0.0089733691025459,0.0089733691024727,0.0088925354983168,0.0089733691023892,0.02753174343762,0.0091932404278275,0.027863711860239,0.027531743437419,0.027531743437337,0.0091932404277999,0.0074230234776254,0.027863711860852,0.027531743437316,0.027531743437364,0.0091932404277811,0.02786371186072,0.027531743437587,0.027531743437198,0.0091932404278017,0.027863711860775,0.027531743437302,0.0074230234777213,0.027531743437402,0.0091932404277839,0.02786371186075,0.027531743437237,0.027531743437292,0.0091932404277494,0.027863711861118,0.02753174343727,0.0074230234775742,0.0074230234777203
140000,0.0032883100669504,0.0027515495067006,0.0031829688591719,0.0042905783323429,9950.9583292551,1.1838414349352e-05,1.1838414349352e-05,1.1838414349352e-05,1.1838414349352e-05,1.1838414349352e-05,1.1838414349352e-05,1.1838414349352e-05,1.1838414349352e-05,1.1838414349352e-05,1.1838414349352e-05,1.1838414349352e-05,1.1838414349352e-05,1.1838414349352e-05,1.1838414349352e-05,1.1838414349352e-05,1.1838414349352e-05,1.1838414349352e-05,1.1838414349352e-05,1.1838414349352e-05,1.1838414349352e-05,1.1838414349352e-05,1.1838414349352e-05,1.1838414349352e-05,1.1838414349352e-05,1.1838414349352e-05,1.1838414349352e-05,1.1838414349352e-05,1.1838414349352e-05,1.1838414349352e-05,1.1838414349352e-05,1.1838414349352e-05,1.1838414349352e-05,1.1838414349352e-05,1.1838414349352e-05,1.1838414349352e-05,1.1838414349352e-05,1.1838414349352e-05,1.1838414349352e-05,1.1838414349352e-05,1.1838414349352e-05,1.1838414349352e-05,1.1838414349352e-05,1.1838414349352e-05,1.1838414349352e-05,1.1838414349352e-05,1.1838414349352e-05,1.1838414349352e-05,1.1838414349352e-05,1.1838414349352e-05,1.1838414349352e-05,3.015184056665e-05,1.0445431869114e-05,3.015184056665e-05,3.015184056665e-05,3.015184056665e-05,1.0445431869114e-05,1.1838414349352e-05,3.015184056665e-05,3.015184056665e-05,3.015184056665e-05,1.0445431869114e-05,3.015184056665e-05,3.015184056665e-05,3.015184056665e-05,1.0445431869114e-05,3.015184056665e-05,3.015184056665e-05,1.1838414349352e-05,3.015184056665e-05,1.0445431869114e-05,3.015184056665e-05,3.015184056665e-05,3.015184056665e-05,1.0445431869114e-05,3.015184056665e-05,3.015184056665e-05,1.1838414349352e-05,1.1838414349352e-05,0.044274786063508,999.99999998602,0.0093029116524307,0.0093029116524189,0.0093597431896017,0.009359743189618,0.0094848274605259,0.0094848274604986,0.0094848274605623,0.0094848274604886,0.0094848274604941,0.0094848274604787,0.0094848274604879,0.009484827460497,0.0093029116524781,0.0094848274604215,0.0094848274604809,0.0094848274604368,0.0094848274605453,0.010085821350718,0.01008582135067,0.010085821350711,0.010085821350642,0.010085821350705,0.010085821350744,0.009302911652495,0.010085821350684,0.01008582135077,0.01008582135066,0.010085821350753,0.010085821350672,0.010085821350653,0.011308600370191,0.011190498781703,0.011308600370187,0.011308600370224,0.0093029116524606,0.011190498781724,0.011308600370193,0.011308600370192,0.011190498781759,0.011308600370222,0.011308600370207,0.011190498781778,0.011308600370206,0.011308600370223,0.011190498781728,0.0093029116524623,0.011308600370237,0.011308600370238,0.011190498781729,0.011308600370191,0.034626628896682,0.011616048606048,0.034965724303536,0.034626628896718,0.034626628896598,0.011616048606034,0.0093597431895407,0.034965724303927,0.034626628896594,0.034626628896526,0.011616048605992,0.034965724303603,0.034626628896643,0.034626628896669,0.011616048606034,0.034965724303853,0.034626628896539,0.0093597431896386,0.034626628896703,0.011616048606015,0.034965724303588,0.034626628896566,0.034626628896624,0.011616048606007,0.034965724303806,0.034626628896716,0.0093597431895767,0.0093597431896106
150000,0.0032883100669504,0.0027515495067006,0.0031829688591719,0.0042905783323429,12527.401520861,1.1838414349352e-05,1.1838414349352e-05,1.1838414349352e-05,1.1838414349352e-05,1.1838414349352e-05,1.1838414349352e-05,1.1838414349352e-05,1.1838414349352e-05,1.1838414349352e-05,1.1838414349352e-05,1.1838414349352e-05,1.1838414349352e-05,1.1838414349352e-05,1.1838414349352e-05,1.1838414349352e-05,1.1838414349352e-05,1.1838414349352e-05,1.1838414349352e-05,1.1838414349352e-05,1.1838414349352e-05,1.1838414349352e-05,1.1838414349352e-05,1.1838414349352e-05,1.1838414349352e-05,1.1838414349352e-05,1.1838414349352e-05,1.1838414349352e-05,1.1838414349352e-05,1.1838414349352e-05,1.1838414349352e-05,1.1838414349352e-05,1.1838414349352e-05,1.1838414349352e-05,1.1838414349352e-05,1.1838414349352e-05,1.1838414349352e-05,1.1838414349352e-05,1.1838414349352e-05,1.1838414349352e-05,1.1838414349352e-05,1.1838414349352e-05,1.1838414349352e-05,1.1838414349352e-05,1.1838414349352e-05,1.1838414349352e-05,1.1838414349352e-05,1.1838414349352e-05,1.1838414349352e-05,1.1838414349352e-05,1.1838414349352e-05,3.015184056665e-05,1.0445431869114e-05,3.015184056665e-05,3.015184056665e-05,3.015184056665e-05,1.0445431869114e-05,1.1838414349352e-05,3.015184056665e-05,3.015184056665e-05,3.015184056665e-05,1.0445431869114e-05,3.015184056665e-05,3.015184056665e-05,3.015184056665e-05,1.0445431869114e-05,3.015184056665e-05,3.015184056665e-05,1.1838414349352e-05,3.015184056665e-05,1.0445431869114e-05,3.015184056665e-05,3.015184056665e-05,3.015184056665e-05,1.0445431869114e-05,3.015184056665e-05,3.015184056665e-05,1.1838414349352e-05,1.1838414349352e-05,0.042502125553073,1258.9254117753,0.011716201026353,0.011716201026393,0.011792684821204,0.011792684821213,0.01195596461602,0.011955964616062,0.011955964615995,0.011955964616012,0.01195596461604,0.011955964616058,0.011955964616018,0.011955964616022,0.011716201026376,0.011955964616024,0.011955964616063,0.01195596461599,0.011955964616007,0.012717530098,0.01271753009803,0.012717530097939,0.012717530097984,0.012717530098035,0.012717530098061,0.011716201026415,0.012717530097952,0.012717530098019,0.012717530097999,0.012717530098076,0.012717530097893,0.012717530097999,0.014224409940398,0.014069219783354,0.014224409940362,0.014224409940389,0.011716201026365,0.01406921978316,0.014224409940348,0.014224409940364,0.014069219783387,0.014224409940329,0.014224409940328,0.014069219783217,0.014224409940315,0.014224409940368,0.01406921978333,0.011716201026384,0.014224409940362,0.014224409940391,0.014069219783194,0.014224409940405,0.043582262081109,0.01462164735955,0.043999813918463,0.043582262081032,0.04358226208107,0.01462164735955,0.011792684821194,0.043999813917832,0.043582262080967,0.043582262080987,0.014621647359521,0.043999813918563,0.043582262080883,0.043582262080897,0.014621647359501,0.043999813917937,0.043582262080922,0.011792684821202,0.043582262080997,0.014621647359513,0.04399981391834,0.043582262081005,0.043582262081071,0.014621647359531,0.04399981391793,0.043582262081044,0.011792684821197,0.011792684821189
160000,0.0032883100669504,0.0027515495067006,0.0031829688591719,0.0042905783323429,15770.848785711,1.1838414349352e-05,1.1838414349352e-05,1.1838414349352e-05,1.1838414349352e-05,1.1838414349352e-05,1.1838414349352e-05,1.1838414349352e-05,1.1838414349352e-05,1.1838414349352e-05,1.1838414349352e-05,1.1838414349352e-05,1.1838414349352e-05,1.1838414349352e-05,1.1838414349352e-05,1.1838414349352e-05,1.1838414349352e-05,1.1838414349352e-05,1.1838414349352e-05,1.1838414349352e-05,1.1838414349352e-05,1.1838414349352e-05,1.1838414349352e-05,1.1838414349352e-05,1.1838414349352e-05,1.1838414349352e-05,1.1838414349352e-05,1.1838414349352e-05,1.1838414349352e-05,1.1838414349352e-05,1.1838414349352e-05,1.1838414349352e-05,1.1838414349352e-05,1.1838414349352e-05,1.1838414349352e-05,1.1838414349352e-05,1.1838414349352e-05,1.1838414349352e-05,1.1838414349352e-05,1.1838414349352e-05,1.1838414349352e-05,1.1838414349352e-05,1.1838414349352e-05,1.1838414349352e-05,1.1838414349352e-05,1.1838414349352e-05,1.1838414349352e-05,1.1838414349352e-05,1.1838414349352e-05,1.1838414349352e-05,1.1838414349352e-05,3.015184056665e-05,1.0445431869114e-05,3.015184056665e-05,3.015184056665e-05,3.015184056665e-05,1.0445431869114e-05,1.1838414349352e-05,3.015184056665e-05,3.015184056665e-05,3.015184056665e-05,1.0445431869114e-05,3.015184056665e-05,3.015184056665e-05,3.015184056665e-05,1.0445431869114e-05,3.015184056665e-05,3.015184056665e-05,1.1838414349352e-05,3.015184056665e-05,1.0445431869114e-05,3.015184056665e-05,3.015184056665e-05,3.015184056665e-05,1.0445431869114e-05,3.015184056665e-05,3.015184056665e-05,1.1838414349352e-05,1.1838414349352e-05,0.040780933373742,1584.8931924358,0.014754595810157,0.014754595810139,0.014855688266443,0.014855688266432,0.015066712283911,0.015066712283908,0.015066712283919,0.015066712283844,0.01506671228387,0.015066712283878,0.015066712283806,0.015066712283903,0.014754595810229,0.015066712283812,0.0150667122839,0.015066712283915,0.01506671228385,0.016029466596238,0.016029466596086,0.016029466596189,0.016029466596167,0.016029466596146,0.016029466596185,0.014754595810211,0.016029466596141,0.016029466596236,0.0160294665961,0.016029466596149,0.016029466596165,0.0160294665961,0.01789526460277,0.0176940606432,0.01789526460274,0.017895264602745,0.014754595810193,0.017694060643195,0.017895264602806,0.017895264602784,0.017694060643183,0.017895264602815,0.017895264602798,0.017694060643222,0.01789526460281,0.017895264602783,0.017694060643147,0.014754595810172,0.017895264602781,0.017895264602781,0.017694060643146,0.017895264602794,0.054856804744316,0.018405114279989,0.055374879604564,0.054856804744504,0.054856804744496,0.018405114280033,0.014855688266475,0.055374879604302,0.054856804744448,0.054856804744461,0.018405114280002,0.055374879604373,0.054856804744471,0.054856804744494,0.01840511428001,0.055374879604408,0.054856804744346,0.014855688266417,0.054856804744548,0.018405114279997,0.055374879604347,0.054856804744408,0.054856804744426,0.018405114279985,0.055374879604377,0.054856804744524,0.014855688266464,0.014855688266411
170000,0.0032883100669504,0.0027515495067006,0.0031829688591719,0.0042905783323429,19853.910766545,1.1838414349352e-05,1.1838414349352e-05,1.1838414349352e-05,1.1838414349352e-05,1.1838414349352e-05,1.1838414349352e-05,1.1838414349352e-05,1.1838414349352e-05,1.1838414349352e-05,1.1838414349352e-05,1.1838414349352e-05,1.1838414349352e-05,1.1838414349352e-05,1.1838414349352e-05,1.1838414349352e-05,1.1838414349352e-05,1.1838414349352e-05,1.1838414349352e-05,1.1838414349352e-05,1.1838414349352e-05,1.1838414349352e-05,1.1838414349352e-05,1.1838414349352e-05,1.1838414349352e-05,1.1838414349352e-05,1.1838414349352e-05,1.1838414349352e-05,1.1838414349352e-05,1.1838414349352e-05,1.1838414349352e-05,1.1838414349352e-05,1.1838414349352e-05,1.1838414349352e-05,1.1838414349352e-05,1.1838414349352e-05,1.1838414349352e-05,1.1838414349352e-05,1.1838414349352e-05,1.1838414349352e-05,1.1838414349352e-05,1.1838414349352e-05,1.1838414349352e-05,1.1838414349352e-05,1.1838414349352e-05,1.1838414349352e-05,1.1838414349352e-05,1.1838414349352e-05,1.1838414349352e-05,1.1838414349352e-05,1.1838414349352e-05,3.015184056665e-05,1.0445431869114e-05,3.015184056665e-05,3.015184056665e-05,3.015184056665e-05,1.0445431869114e-05,1.1838414349352e-05,3.015184056665e-05,3.015184056665e-05,3.015184056665e-05,1.0445431869114e-05,3.015184056665e-05,3.015184056665e-05,3.015184056665e-05,1.0445431869114e-05,3.015184056665e-05,3.015184056665e-05,1.1838414349352e-05,3.015184056665e-05,1.0445431869114e-05,3.015184056665e-05,3.015184056665e-05,3.015184056665e-05,1.0445431869114e-05,3.015184056665e-05,3.015184056665e-05,1.1838414349352e-05,1.1838414349352e-05,0.039129444110853,1995.262314935,0.018581654301249,0.018581654301268,0.018714984843665,0.018714984843667,0.018987362401483,0.018987362401454,0.018987362401484,0.018987362401477,0.018987362401511,0.018987362401447,0.018987362401466,0.018987362401445,0.018581654301224,0.018987362401468,0.018987362401499,0.018987362401422,0.01898736240151,0.020203559509603,0.020203559509611,0.020203559509669,0.020203559509661,0.020203559509664,0.020203559509603,0.018581654301277,0.020203559509685,0.020203559509675,0.02020355950966,0.020203559509711,0.020203559509605,0.020203559509685,0.022513082207341,0.022252855525855,0.02251308220733,0.022513082207371,0.018581654301271,0.022252855525839,0.022513082207365,0.022513082207352,0.022252855525843,0.022513082207356,0.022513082207391,0.022252855525861,0.02251308220736,0.02251308220735,0.022252855525893,0.018581654301253,0.022513082207346,0.022513082207371,0.022252855525835,0.022513082207375,0.069047291834669,0.023167349239997,0.069691112268742,0.069047291834673,0.069047291834587,0.023167349239981,0.018714984843666,0.069691112268932,0.069047291834703,0.069047291834723,0.023167349240013,0.069691112268666,0.069047291834758,0.069047291834626,0.023167349240003,0.069691112268705,0.069047291834768,0.018714984843671,0.069047291834739,0.023167349240034,0.069691112268825,0.069047291834532,0.069047291834711,0.023167349239978,0.069691112268861,0.069047291834647,0.01871498484366,0.018714984843683
180000,0.0032883100669504,0.0027515495067006,0.0031829688591719,0.0042905783323429,24993.806095247,1.1838414349352e-05,1.1838414349352e-05,1.1838414349352e-05,1.1838414349352e-05,1.1838414349352e-05,1.1838414349352e-05,1.1838414349352e-05,1.1838414349352e-05,1.1838414349352e-05,1.1838414349352e-05,1.1838414349352e-05,1.1838414349352e-05,1.1838414349352e-05,1.1838414349352e-05,1.1838414349352e-05,1.1838414349352e-05,1.1838414349352e-05,1.1838414349352e-05,1.1838414349352e-05,1.1838414349352e-05,1.1838414349352e-05,1.1838414349352e-05,1.1838414349352e-05,1.1838414349352e-05,1.1838414349352e-05,1.1838414349352e-05,1.1838414349352e-05,1.1838414349352e-05,1.1838414349352e-05,1.1838414349352e-05,1.1838414349352e-05,1.1838414349352e-05,1.1838414349352e-05,1.1838414349352e-05,1.1838414349352e-05,1.1838414349352e-05,1.1838414349352e-05,1.1838414349352e-05,1.1838414349352e-05,1.1838414349352e-05,1.1838414349352e-05,1.1838414349352e-05,1.1838414349352e-05,1.1838414349352e-05,1.1838414349352e-05,1.1838414349352e-05,1.1838414349352e-05,1.1838414349352e-05,1.1838414349352e-05,1.1838414349352e-05,3.015184056665e-05,1.0445431869114e-05,3.015184056665e-05,3.015184056665e-05,3.015184056665e-05,1.0445431869114e-05,1.1838414349352e-05,3.015184056665e-05,3.015184056665e-05,3.015184056665e-05,1.0445431869114e-05,3.015184056665e-05,3.015184056665e-05,3.015184056665e-05,1.0445431869114e-05,3.015184056665e-05,3.015184056665e-05,1.1838414349352e-05,3.015184056665e-05,1.0445431869114e-05,3.015184056665e-05,3.015184056665e-05,3.015184056665e-05,1.0445431869114e-05,3.015184056665e-05,3.015184056665e-05,1.1838414349352e-05,1.1838414349352e-05,0.037545091024485,2511.8864314644,0.023401318999929,0.023401318999942,0.023577099280662,0.023577099280672,0.023928455690976,0.023928455691013,0.023928455690985,0.023928455690992,0.023928455691003,0.023928455690997,0.023928455691015,0.02392845569099,0.023401318999947,0.023928455690972,0.023928455690994,0.02392845569099,0.023928455690987,0.025463999711063,0.025463999711059,0.025463999711052,0.025463999711071,0.025463999711051,0.025463999711098,0.023401318999965,0.025463999711056,0.025463999711078,0.025463999711087,0.025463999711073,0.025463999711059,0.025463999711051,0.028322394464868,0.027985964440899,0.028322394464866,0.028322394464855,0.023401318999943,0.027985964440899,0.028322394464855,0.02832239446487,0.027985964440899,0.028322394464846,0.028322394464849,0.027985964440908,0.028322394464868,0.028322394464846,0.027985964440867,0.023401318999952,0.028322394464843,0.028322394464858,0.027985964440906,0.028322394464867,0.086909313491367,0.029162062859732,0.087707734798745,0.086909313491398,0.08690931349137,0.029162062859743,0.02357709928069,0.087707734798719,0.086909313491309,0.086909313491359,0.02916206285972,0.087707734798784,0.086909313491355,0.086909313491405,0.029162062859743,0.087707734798774,0.086909313491336,0.023577099280682,0.086909313491343,0.029162062859726,0.087707734798628,0.086909313491376,0.086909313491375,0.029162062859743,0.087707734798713,0.086909313491351,0.023577099280664,0.02357709928066
