time,Re_center,Re_corner,Re_edge,ff_center,ff_corner,ff_edge
0,0,0,0,0,0,0
1,1.1058869052692,0.5672707795712,0.73922400906617,57.872102196701,64,64
2,1.4809162785606,0.70980599931053,0.94305827211681,43.21648760779,64,64
3,1.8970334232779,0.84674449944687,1.1617165124436,33.736885821106,64,55.090892928197
4,2.4203177521756,1.0018537461229,1.4409448774474,26.442808983382,63.881579769069,44.41530068329
5,3.0752339404771,1.2089992230506,1.7941378816904,20.811424834206,52.936345019593,35.671728830307
6,3.902024380035,1.4726686136256,2.2391974671311,16.401742728019,43.45852108727,28.581668628714
7,4.9798626606204,1.7751276050065,2.7848229208568,12.851760050703,36.053746118991,22.981712596665
8,6.3272389675595,2.1713287920089,3.4727662651595,10.114996498127,29.475038619307,18.429112446108
9,8.0150525745203,2.6823482223358,4.3404417801679,7.984975694738,23.859691097027,14.745042841496
10,10.114424983397,3.3257809214724,5.4238693323537,6.3275964876445,19.243600679254,11.799694291624
11,12.740014655463,4.1428758196626,6.7866312877235,5.0235421018066,15.448206218396,9.4303045629019
12,15.994537301485,5.1764833618276,8.4886166951754,4.0013661410035,12.363605854721,7.5395087677295
13,20.096233604543,6.4842197266467,10.638280872972,3.1846763556979,9.8701158654395,6.0160096131293
14,25.263681983092,8.1366337556544,13.350711102905,2.5332807799567,7.865660655333,4.7937521458898
15,31.76359464308,10.221725252344,16.800564585013,2.0148853024199,6.2611739621626,3.8093957899164
16,39.953067778412,12.859500052594,21.143554122743,1.6018794940329,4.9768653319486,3.0269272434714
17,50.263328132271,16.185275864691,26.614614149468,1.2732941167165,3.9542112554924,2.4046938887781
18,63.215784408535,20.443149390372,33.514758941847,1.0124053762132,3.1306330925162,1.9096064545111
19,79.539831889486,25.778335916018,42.193367349708,0.80462830352504,2.4827048652172,1.5168260799252
20,100.07537385499,32.499334785246,53.134283858283,0.63951797060054,1.9692710764004,1.2044953906886
21,126.02142689929,40.969000131187,66.93741700737,0.50785014555231,1.5621567475058,0.95611696499224
22,158.65076514317,51.633957017952,84.314310482703,0.40340177328528,1.2394943887327,0.75906450074037
23,199.68070344012,65.0760120978,106.19925295803,0.32051169135077,0.98346530352098,0.60264077389503
24,251.2598218974,82.032323569035,133.77078133042,0.25471641070084,0.78018026556531,0.47843033695793
25,316.1189872193,103.46491430719,168.54976452297,0.20245541258576,0.61856717721411,0.37970981546499
26,397.54053456982,130.53207110123,212.37292696823,0.16098987251378,0.49030096159129,0.30135667899428
27,499.78341583845,164.79865899098,267.67354324736,0.12805546952125,0.38835267450587,0.23909721968666
28,628.06832121222,208.24587528212,337.50010062494,0.10189974212343,0.30732901614846,0.18962957299542
29,788.84082288551,263.43025421063,425.73198645957,0.081131703763576,0.24294855634837,0.15032931984084
30,990.04452965724,333.68812047866,537.34482650858,0.064643556962476,0.1917958597283,0.11910415210313
31,1241.7397593844,423.53817082559,678.85764707207,0.051541539474877,0.15110798587558,0.094276024157494
32,1555.945822082,539.03527736695,858.83801777169,0.04137106625666,0.11873063341997,0.074519290708105
33,1946.30914295,689.45513391666,1089.7192421636,0.034391600337336,0.092826924834323,0.058730723856603
34,2426.8338765532,890.10976574205,1390.9455736858,0.030994731192371,0.071901244449969,0.046058278843715
35,3012.4879537901,1167.4365825079,1789.8540474961,0.031256905720443,0.054820964792982,0.036612146879749
36,3726.9996053513,1561.5822834791,2314.5353211877,0.034387258161142,0.041232489120376,0.031413010377051
37,4626.3674434246,2100.7158811476,2971.595358126,0.037655778473095,0.032803801177074,0.031139560599812
38,5832.3304294217,2737.6383123008,3721.4741336788,0.036159844351189,0.030711019278318,0.034359922766651
39,7422.8017983334,3421.4065165556,4595.7517902423,0.034044355473533,0.03289124856649,0.037612169562003
40,9400.8121476911,4147.532513555,5738.3885406114,0.032091922815347,0.036317748258958,0.036306935608873
41,11855.106501192,5089.5518436747,7210.3303452877,0.030283824287233,0.037412540240845,0.034292432460835
42,14918.335053274,6381.3600408647,9079.094654882,0.028592820207252,0.035355645481709,0.032372515437576
43,18762.689536065,8047.5138574019,11443.089091881,0.026999971734957,0.033363503478207,0.030552817281951
44,23593.093741706,10164.848571313,14428.598372912,0.02549710422867,0.031471095026811,0.028832416729553
45,29663.793042232,12847.459579364,18196.998211539,0.024078554526859,0.029681289686914,0.027207406446936
46,37329.113747211,16211.78604631,22914.073312396,0.022408267856358,0.028004599540335,0.025683931800808
47,46874.694099955,20528.892826229,28974.960102826,0.021410663881522,0.026399499953986,0.024220403330495
48,58854.385864454,26020.923622208,36643.118344871,0.02045794734854,0.024880345428859,0.022491547524271
49,73979.239622499,33128.514344249,46212.255203019,0.019543207823791,0.022949722097558,0.021471698011625
50,93031.57643106,41878.867892763,58273.689536825,0.018667740149149,0.02189872533218,0.020498558413774
51,116992.34340162,52925.047782784,73483.094868311,0.017831436649637,0.020897078360584,0.01956952728862
52,147124.36993773,66886.711882242,92662.894606648,0.017032598133528,0.019941134082057,0.018682571391301
53,185017.7774959,84532.830965027,116848.7012256,0.016269534645087,0.019028858658422,0.017835818534482
54,232672.59076071,106833.90581665,147345.81671903,0.015540635626315,0.018158334066311,0.017027475376992
55,292604.35617467,135015.41579904,185799.44807988,0.014844366403645,0.017327709219675,0.016255822147349
56,367976.95158392,170624.62189104,234283.03888645,0.014179264356117,0.016535201154359,0.015519211549603
